Age,Pos,Height,Weight,Apps(Subs),Mins,Goals,Assists,Yel,Red,SpG,PS%,AerWon,MoM,Tackles,Inter,Fouls,OffW,Clear,DrbPast,Blocks,OwnG,KeyP,Drb,Fouled,Off,Disp,UnsT,AvgP,Crosses,LongB,ThrB,Rat,Salary
30,Defender,170,66,18(2),1591,-,1,1,-,0.6,81.4,1.3,-,1.5,1.2,0.1,0.4,2.1,0.6,0.4,-,0.9,0.3,0.6,0.1,0.3,0.7,40.6,0.8,1.5,-,6.68,"£2,600,000"
33,Forward,165,63,14(2),1217,1,1,1,-,0.3,78.8,0.1,1,1.6,0.6,0.8,-,0.8,0.5,-,-,0.4,0.4,1,-,0.8,0.9,17.4,0.2,0.3,-,6.38,"£1,820,000"
30,Midfielder,174,68,25(4),2327,3,1,4,-,1.5,80.2,0.5,1,2.1,0.5,0.9,-,0.7,1.1,0.2,-,1.5,0.8,0.4,-,1.6,1.2,44.1,1.4,2.1,-,6.73,"£2,600,000"
29,Midfielder,178,76,14(14),1331,4,6,-,-,1.2,82,0.5,-,1.2,0.3,0.8,-,0.1,0.6,-,-,0.9,0.4,0.7,0.1,1,1.3,27.6,0.2,0.9,-,6.7,"£6,240,000"
22,Defender,183,72,35,3135,-,3,4,1,0.3,73,1.2,3,3.7,2.4,0.7,0.3,3.7,0.3,0.5,-,0.4,1.7,0.5,0.1,1.1,1.2,33.3,0.3,1,-,7.27,"£702,000"
23,Midfielder,186,80,1(1),50,-,-,-,-,-,87.5,-,-,1,0.5,-,-,-,-,-,-,-,-,0.5,-,-,0.5,4,-,-,-,6.16,"£936,000"
27,Midfielder,184,75,34(1),3062,5,6,7,-,1.5,83.5,1.2,-,2,1,1,-,1.5,1.1,0.2,1,1.1,0.9,0.4,0.1,1.2,1.7,55.4,0.1,1.7,0.1,6.76,"£3,640,000"
25,Forward,177,81,5(8),690,3,-,2,-,1.6,73.3,0.9,-,0.6,0.1,1.8,-,0.4,0.3,-,-,0.8,0.9,0.3,0.5,1,1.8,17.3,0.1,0.5,-,6.35,"£650,000"
32,Midfielder,172,73,5(8),465,-,-,1,-,0.4,82.1,0.7,-,1.2,0.4,0.3,-,0.1,0.5,0.1,-,0.7,0.6,0.8,-,0.8,0.8,23.2,0.2,0.4,-,6.53,"£3,042,000"
26,Defender,189,78,11(3),1004,-,1,5,-,0.2,80.7,1.6,-,2.1,1.2,1.2,0.1,2.6,0.9,0.3,-,0.2,0.5,0.7,0.1,0.1,0.9,31.1,0.4,1.9,-,6.66,"£1,456,000"
24,Forward,188,74,6(6),553,-,-,1,-,0.6,76.2,0.5,-,0.5,0.1,0.6,-,0.1,0.7,-,-,0.4,1,0.8,0.2,1.8,1.4,12.3,0.2,0.1,-,6.08,"£1,560,000"
24,Midfielder,178,72,8(21),896,1,1,1,-,0.7,72.2,0.8,1,0.6,0.2,0.5,-,0.2,0.2,-,-,0.6,2.2,0.9,0.2,1.6,1.3,9.3,0.5,0.2,-,6.59,"£2,236,000"
22,Forward,174,71,3(18),602,-,2,-,-,0.6,84.6,0.3,-,0.7,0.3,0.4,-,0.1,0.1,-,-,0.5,1.1,1,0.1,1.2,0.9,12,0.2,0.1,-,6.47,"£1,076,400"
31,Midfielder,175,69,1(1),88,-,-,-,-,-,86.1,-,-,1,0.5,-,-,0.5,1,-,-,-,0.5,1,-,1.5,1.5,39.5,-,3.5,-,6.2,"£4,160,000"
23,Midfielder,177,71,11(5),986,1,1,1,1,0.3,78.5,0.4,1,2.1,1.2,0.5,0.1,0.7,0.9,0.3,-,0.4,1.2,0.8,0.1,1.1,1.6,28.2,0.1,0.9,-,6.64,"£1,820,000"
28,Defender,171,65,2,155,-,-,-,-,0.5,87.6,-,-,1.5,1,0.5,1,-,1,-,-,1.5,1,0.5,-,-,1.5,52.5,0.5,1,-,6.65,"£2,080,000"
26,Forward,189,90,37,3282,11,3,7,-,3.5,72,6.5,4,0.5,0.2,1.6,-,1.4,0.3,0.2,-,0.8,0.6,1.6,0.9,2.6,3,27.7,-,0.4,0.1,7.03,"£3,120,000"
24,Forward,180,75,22(13),1976,3,6,-,-,1,77.8,0.1,-,0.8,0.3,0.2,-,0.3,0.5,-,-,1.1,1.3,0.4,0.1,1.6,2,27.2,0.3,0.8,-,6.62,"£2,600,000"
30,Goalkeeper,193,79,25,2250,-,-,1,-,-,45,0.6,1,-,-,-,-,0.9,-,-,-,-,-,0.1,-,-,-,23.4,-,5.6,-,6.58,"£2,600,000"
27,Midfielder,180,70,0(2),19,-,-,-,-,0.5,76.9,-,-,0.5,0.5,-,-,-,-,-,-,0.5,0.5,0.5,-,-,0.5,6.5,-,-,-,6.35,"£6,240,000"
27,Midfielder,171,62,26(4),2092,2,-,2,-,1.6,74.9,0.5,-,1.2,0.6,0.4,-,0.2,0.8,0.1,-,1.1,1,1.7,0.2,1.7,2.3,29.9,0.6,1,-,6.51,"£1,560,000"
24,Forward,195,90,0(12),173,-,-,-,-,0.3,64.4,1.5,-,0.2,-,0.3,-,0.3,0.1,-,-,0.3,0.2,0.2,-,0.3,0.5,4.9,-,-,-,6.16,"£936,000"
29,Forward,175,73,27(8),2507,13,8,2,-,2.3,74.2,1.3,4,1,0.4,1.5,-,0.8,0.7,-,-,0.9,1.3,1.5,0.7,1.7,2,22,0.1,0.5,0.1,7.17,"£9,466,673"
31,Forward,169,62,9(11),877,1,3,3,-,0.9,74.6,0.4,-,0.9,0.5,0.7,-,0.1,0.4,-,-,1.1,0.7,0.9,0.4,1.3,1.1,19.1,0.3,1.2,0.1,6.6,"£16,380,000"
26,Defender,189,90,13(2),1132,-,-,2,-,0.1,82.4,2.1,-,0.7,1.3,0.4,0.6,4.3,0.3,1.1,-,0.1,-,0.3,-,-,0.5,31.8,-,3,-,6.43,"£1,664,000"
27,Forward,180,76,12(7),1022,-,-,2,-,1.1,69.3,0.6,-,1.7,0.6,1,-,0.1,1,-,-,0.3,0.6,0.4,0.3,1.1,1.5,14.6,0.3,0.6,-,6.33,"£2,600,000"
28,Goalkeeper,191,91,38,3420,-,-,1,-,-,80.3,0.3,-,0.1,-,-,-,0.8,-,-,-,-,0.1,-,-,-,-,28.3,-,4.8,-,6.79,"£4,680,000"
31,Midfielder,182,71,16(6),1405,2,3,4,-,1,87.8,0.2,2,2.5,1.7,1,-,1,1.8,0.3,-,0.7,0.5,0.9,-,0.4,0.6,44.5,-,1.5,0.1,6.96,"£5,980,000"
24,Midfielder,184,78,16(6),1519,-,-,1,1,1,87.4,1,-,2.2,1.5,1,0.1,1.3,1.5,0.3,-,0.3,1.9,0.8,0.1,1.8,1.7,47.4,-,1.6,-,6.69,"£3,484,000"
27,Midfielder,188,84,24(3),1986,1,1,7,-,0.8,84.8,1.4,-,1.4,0.7,1.8,-,0.7,1.7,0.1,-,0.2,1.5,1,-,1.9,1.3,44.4,0.1,3.5,-,6.65,"£5,800,000"
29,Forward,178,83,13(16),1362,7,2,2,-,1.2,65.7,0.6,-,0.1,0.1,0.4,-,0.1,0.2,-,-,0.5,0.3,0.3,0.5,0.7,1.9,8.1,0.1,0.1,-,6.35,"£3,640,000"
29,Forward,184,73,21(3),1650,6,-,2,-,2.3,77.8,0.6,1,1.3,0.3,0.7,-,0.7,1.3,-,-,0.9,0.8,0.8,0.5,1.4,2.1,21.8,0.4,0.7,-,6.59,"£5,408,000"
24,Defender,188,78,6(2),615,-,-,1,-,-,92.8,2.3,-,1.3,0.5,1,0.4,3.4,0.4,0.3,-,-,0.1,0.4,-,-,0.4,57.3,-,1.1,-,6.73,"£4,160,000"
24,Midfielder,178,71,6(9),597,1,1,5,-,0.5,82.4,0.2,-,0.5,0.7,0.8,-,0.5,0.7,0.1,-,0.6,0.5,0.3,0.1,0.9,0.6,23.5,0.2,0.8,-,6.26,"£1,560,000"
26,Defender,178,64,36,3219,-,11,4,-,0.4,83.2,0.7,1,2.2,0.8,0.5,0.5,1.3,0.9,0.2,-,1.4,0.8,0.4,-,0.6,0.9,66.6,0.6,2.2,-,7.12,"£2,600,000"
30,Forward,189,81,5(4),461,2,-,2,-,1,82.3,0.3,-,0.4,0.2,0.9,-,0.3,0.2,0.1,-,0.6,0.2,0.9,0.1,1.2,1.3,22.6,-,0.9,-,6.28,"£5,980,000"
29,Forward,181,77,34(4),3018,6,4,1,-,1.7,78.8,0.1,2,1.6,1,0.3,-,0.4,1.4,0.1,-,1.6,1.5,1.5,0.2,2,2.1,27,1,0.8,-,6.98,"£2,860,000"
31,Forward,193,79,3(9),456,-,-,2,-,1.2,61,3.8,-,0.3,0.1,0.9,0.1,0.7,0.3,0.2,-,0.3,0.3,0.7,0.3,0.7,1.3,11.3,-,0.4,-,6.33,"£4,680,000"
32,Defender,191,86,20(4),1871,1,1,2,-,0.6,83.6,3.2,-,1.3,1.5,0.6,1,4.1,0.4,0.8,-,0.2,-,0.3,-,0.2,0.2,33.1,-,1.8,-,6.74,"£3,640,000"
24,Goalkeeper,196,77,12,1080,-,-,-,-,-,35.3,0.3,1,-,-,-,-,0.9,-,-,-,-,-,0.2,-,-,-,24.1,-,6.2,-,6.37,"£2,080,000"
28,Forward,172,69,18(12),1833,2,6,4,1,0.9,76.9,0.5,-,1.1,1,0.7,-,0.2,0.6,-,-,1.2,1,0.6,0.1,1,1.7,20.5,1.3,1.3,-,6.64,"£1,820,000"
24,Forward,181,76,18(9),1624,10,2,2,-,1.4,79.3,0.7,2,0.3,0.1,0.5,-,0.3,0.4,-,-,1.3,1.2,1,0.2,1.2,1.7,26.2,0.1,0.1,0.1,6.9,"£5,720,000"
27,Defender,190,85,33,2874,1,-,7,-,0.8,91.5,2.5,-,1,1,0.8,0.6,2.9,0.4,0.2,-,0.2,0.1,0.5,-,0.3,0.2,76.9,-,4.5,0.1,6.78,"£5,200,000"
35,Defender,180,83,5(1),466,-,-,2,-,0.3,84.1,0.5,-,1.3,0.8,1.2,-,1,0.2,-,-,1.2,0.5,0.7,-,0.2,-,45.2,0.8,1.8,-,6.68,"£4,420,000"
31,Midfielder,178,70,27(1),2275,1,1,5,-,0.7,71.6,1.7,-,1.8,1.4,0.9,-,1.9,2.2,0.4,-,0.6,0.4,1.1,-,0.3,0.9,26.8,0.1,1.5,-,6.61,"£1,250,000"
26,Defender,179,70,19(4),1758,-,1,2,-,0.2,83.3,0.9,1,2.5,1.6,0.7,0.7,2.4,1.1,0.3,-,0.6,1.6,0.2,-,1.2,1,38.3,0.2,2.2,-,6.9,"£2,080,000"
30,Forward,186,77,26(11),2388,12,2,8,-,1.8,59.1,3.6,2,0.8,0.1,1.5,-,0.6,0.6,0.2,1,0.6,0.2,1.8,0.6,1.1,2.3,14,-,0.4,0.1,6.75,"£2,080,000"
30,Midfielder,175,80,31(3),2822,2,7,5,-,0.6,76.4,0.6,1,1.7,1.4,0.9,-,1.2,0.7,0.3,-,1.2,0.2,0.6,-,0.5,0.9,41.7,0.9,3,0.1,6.8,"£1,612,000"
35,Midfielder,175,65,28(2),2569,2,2,8,1,0.4,77.5,0.8,-,1.7,1.8,1.2,0.3,1.9,0.6,0.3,-,1.3,0.6,1.1,0.1,0.6,0.8,45.9,1.4,3.7,-,6.87,"£6,240,000"
33,Goalkeeper,199,101,24,2160,-,-,-,-,-,60.8,0.5,-,-,-,-,-,0.8,0.1,-,-,-,-,0.1,-,-,0.1,22.1,-,5.7,-,6.25,"£3,640,000"
26,Defender,191,86,34(1),3057,3,3,3,-,0.7,92.3,2.2,1,1.2,1.1,0.6,0.4,2.7,0.3,0.3,-,0.4,0.1,0.5,0.1,0.1,0.3,85.6,-,4.9,-,7.05,"£3,098,333"
27,Forward,178,72,34(3),2928,12,2,2,-,1.5,75.9,0.7,3,1.6,1.1,1.2,-,0.8,1.2,0.1,-,1.2,1.2,1.1,0.2,2.1,2.7,21.1,0.1,0.7,0.1,6.95,"£2,340,000"
23,Defender,178,77,36,3240,-,4,4,-,0.6,72.3,3.1,4,1.5,1.1,0.9,0.3,3.6,0.9,0.2,-,1.3,1.4,1.2,0.1,1.3,2,46.8,0.6,1.2,-,7.04,"£3,380,000"
27,Defender,181,76,20(7),1839,-,-,2,-,0.5,82.8,1.7,1,2.1,0.9,0.7,0.3,2.3,0.6,0.4,-,0.6,0.1,0.5,-,0.4,0.7,40.2,0.3,1.2,-,6.69,"£3,120,000"
37,Goalkeeper,193,79,38,3420,-,-,1,-,-,44.8,0.5,1,0.1,0.1,0.1,-,1.2,0.1,-,-,0.1,-,0.2,-,-,-,30.3,-,9.6,-,6.69,"£1,560,000"
27,Defender,185,78,1,63,1,-,1,-,1,66.7,2,-,1,-,2,-,2,-,1,-,-,-,-,-,-,-,33,-,1,-,6.78,"£2,080,000"
32,Goalkeeper,192,91,7,553,-,-,-,-,-,44.5,0.4,-,-,0.1,-,-,0.6,0.4,-,-,-,-,-,-,-,0.1,27.3,-,8.7,-,5.99,"£624,000"
31,Defender,180,74,38,3420,-,2,9,-,0.6,74.9,3.9,1,1.4,1.3,0.7,0.5,6.1,0.2,1.3,2,0.2,0.2,0.5,-,0.1,0.4,39.5,0.1,4.7,-,6.86,"£2,860,000"
26,Defender,185,85,10,900,-,5,1,-,0.7,88.3,0.8,-,1.6,1,1.2,0.4,1.6,0.8,0.4,-,1.2,0.9,0.2,-,1.1,0.9,65,1.1,1.8,-,7.29,"£4,680,000"
32,Midfielder,178,74,9(9),937,1,1,4,-,0.3,71.2,0.9,1,1.6,0.8,1,-,1.4,0.9,0.6,-,0.2,0.6,0.4,-,0.6,0.7,15.1,0.1,0.5,-,6.49,"£1,300,000"
28,Midfielder,166,57,25(9),2129,1,3,5,-,0.7,75.3,0.1,-,1.4,0.8,0.5,-,0.4,1.2,0.1,-,1.2,1.2,0.8,0.1,1.2,2.2,23.7,0.4,0.5,0.1,6.6,"£6,240,000"
25,Midfielder,186,76,19(3),1751,-,1,4,-,0.4,72.7,2,-,2.8,1.5,0.8,0.2,3,0.6,0.6,-,0.5,0.6,1,0.1,0.5,1.2,35.7,0.3,1,-,6.9,"£1,300,000"
26,Forward,173,64,31(5),2853,7,7,3,-,1.7,86.1,0.3,4,1.4,0.7,0.9,-,0.7,1.4,0.1,-,2,1.4,0.7,0.1,1,1.2,47.4,0.3,2,0.1,7.26,"£6,240,000"
28,Goalkeeper,190,83,31(1),2833,-,-,-,-,-,69.2,0.2,-,-,0.1,-,-,1,0.1,-,-,-,-,0.2,-,-,-,28.8,-,4.9,-,6.68,"£5,200,000"
27,Forward,170,68,16(11),1423,5,2,-,-,1,71.4,0.4,1,0.6,0.1,0.2,-,0.4,0.2,-,-,0.6,0.6,1,0.4,1.1,1.5,11.5,0.1,0.2,-,6.41,"£1,560,000"
32,Defender,186,76,37(1),3374,-,1,-,-,0.3,64.9,2.3,-,1.8,2.1,0.4,0.3,4.5,0.8,0.7,-,0.2,0.3,0.3,-,0.3,0.6,25.2,0.1,2.4,-,6.69,"£1,248,000"
24,Defender,185,82,4(2),372,-,-,1,-,0.3,83.6,2.7,-,0.8,1.2,1.5,1,3.7,0.5,0.8,-,-,0.3,0.3,-,0.2,0.3,36.7,0.2,1.2,-,6.32,"£2,340,000"
26,Defender,183,76,21(6),1996,4,1,4,-,1.5,48.4,7.5,1,0.8,0.3,1.5,-,1,0.8,0.1,-,0.9,0.2,1.1,0.4,0.4,1.1,20.4,0.2,0.5,-,6.82,"£1,170,000"
25,,182,66,29(2),2587,2,-,9,-,1.1,79,2.1,-,2.1,2.2,1.1,0.3,3.5,1,0.4,-,0.5,0.7,0.1,-,0.8,1,47.9,-,2.9,-,6.82,
28,Defender,185,77,2(1),167,-,-,-,-,-,77.3,0.3,-,1,-,0.3,-,0.7,0.3,1,-,0.3,-,-,-,1,1.7,25,-,-,-,6.31,"£2,340,000"
34,Midfielder,182,80,2(5),240,-,-,-,-,0.4,88.8,0.1,-,0.6,0.1,0.4,-,0.7,0.7,-,-,0.3,0.4,0.1,-,0.3,0.1,20.4,-,1.9,-,6.01,"£2,600,000"
29,Defender,172,67,16(2),1494,1,2,4,-,0.6,73.1,1.3,-,1.2,1.2,0.5,0.1,2.8,0.3,0.3,-,0.7,0.4,0.3,0.1,0.6,0.8,33.1,0.8,1.7,-,6.56,"£3,380,000"
29,Forward,183,78,10(15),1050,3,3,3,-,1.5,70.5,1.5,-,0.5,0.2,0.7,-,0.1,0.4,-,-,0.5,0.1,0.6,0.3,0.8,1.6,10.3,-,0.3,-,6.44,"£3,120,000"
31,Defender,178,76,38,3403,1,5,4,-,0.4,87,1.8,1,2.8,1.1,1,0.4,2,0.8,0.4,-,0.7,0.3,0.4,0.1,0.2,0.9,65.3,0.6,1.3,0.1,7.01,"£7,540,000"
33,Midfielder,180,77,1(5),176,-,-,1,-,0.2,86.5,0.3,-,1,0.2,0.2,-,-,0.7,0.2,-,0.5,-,0.5,-,0.3,0.3,32.2,-,1.3,0.5,6.28,"£8,112,000"
31,Forward,188,84,11(14),981,2,2,1,-,1.3,58.6,1.7,-,0.5,0.1,0.6,-,0.5,0.2,0.1,-,0.4,-,0.7,0.4,0.7,1.2,7.9,-,0.2,-,6.27,"£3,640,000"
27,Defender,176,70,35(3),3240,-,1,2,-,0.2,72.5,1.9,-,1.4,1.1,0.4,0.3,2.2,0.7,0.9,-,0.3,1.1,1.3,-,0.4,1,30.9,0.6,2.2,-,6.75,"£1,300,000"
30,Midfielder,189,83,21(10),1897,-,2,3,-,0.6,80.1,2.1,-,1.9,0.5,1.1,0.1,1,0.8,0.4,-,0.5,0.4,0.5,0.1,0.7,0.8,24.7,-,0.6,-,6.61,"£3,380,000"
31,Defender,175,68,23(6),2057,-,2,2,-,0.6,75.1,0.9,-,1.2,0.8,0.5,0.1,1.8,0.7,0.1,-,0.7,0.3,0.4,0.1,0.4,0.6,29,1.1,2.1,-,6.35,"£1,040,000"
30,Defender,194,81,24,2128,1,-,1,-,0.5,86.2,4.3,1,1.3,1.1,0.9,0.5,4.4,0.3,1,1,0.1,-,0.3,0.1,-,0.3,39.8,-,2.1,-,6.79,"£3,640,000"
28,Forward,191,81,29(9),2596,10,2,2,-,1.6,64.8,3.5,2,0.3,0.1,0.7,-,0.7,0.3,0.1,-,0.6,0.2,0.6,1.4,1.2,2.4,15.8,0.1,0.1,0.1,6.67,"£2,600,000"
28,Forward,165,65,15(13),1488,1,-,2,-,1,82.2,0.4,-,0.9,0.3,0.5,-,0.5,0.4,0.1,-,0.6,0.9,0.9,0.1,1.1,1.7,13.7,0.3,0.4,-,6.44,"£1,560,000"
29,Forward,190,83,9(7),813,1,1,1,-,1.6,56.9,5.6,1,0.3,-,1.1,-,0.9,0.2,0.1,-,0.6,0.3,0.6,0.6,0.9,1.7,14.9,-,0.4,-,6.66,"£6,240,000"
28,Midfielder,182,76,30(5),2772,8,12,3,-,2.4,81,0.4,2,1.2,0.4,0.5,-,0.2,1.2,0.1,-,2.1,0.5,0.5,0.1,0.8,1.7,53.5,0.9,2.3,0.3,7.08,"£3,900,000"
34,Defender,187,89,2(1),206,-,-,-,-,0.7,83.1,1,-,1.3,1.3,1,0.3,2.3,0.3,-,-,2,0.3,0.7,-,0.3,1.3,39.3,1.3,2.3,-,6.59,"£2,600,000"
29,Defender,187,84,19(2),1587,-,-,2,1,0.4,73.9,2.9,1,1.2,1.8,1,1.1,5,0.6,0.8,-,0.1,-,0.7,-,-,0.3,26.2,-,2.1,-,6.67,"£1,560,000"
30,Defender,189,82,37,3262,1,-,4,1,0.4,82.8,3.7,1,1.6,1.9,0.7,0.6,3.6,0.5,0.9,-,0.1,-,0.5,-,0.1,0.2,41.9,-,4,-,6.59,"£1,300,000"
31,Defender,185,88,9(2),858,3,-,1,-,0.6,75,3.9,1,1.8,1.1,0.5,0.4,5.2,0.3,0.6,-,0.2,-,0.5,-,0.2,0.2,27.6,-,1.5,-,7.06,"£1,820,000"
29,Forward,191,81,0(2),37,-,-,-,-,-,76.5,-,-,-,-,1,-,-,0.5,-,-,0.5,0.5,-,0.5,1,1,8.5,-,-,-,5.97,"£832,000"
27,Forward,191,90,0(6),61,-,1,-,-,0.8,45.5,1.2,-,-,-,0.5,-,0.3,-,-,-,0.7,-,-,-,0.3,0.7,1.8,-,-,-,6.16,"£3,120,000"
27,Defender,185,73,38,3420,-,-,5,-,-,84.3,0.9,1,0.8,0.8,0.3,0.5,3.3,0.4,0.7,3,0.1,0.1,0.2,-,0.1,0.2,44.4,-,6.4,-,6.45,"£780,000"
31,Defender,188,73,35(1),3099,3,-,2,-,0.4,81.5,2.4,2,1.4,1.1,0.4,1.1,5,0.4,0.8,2,-,0.1,0.2,-,0.1,0.3,35.5,-,2.7,-,6.66,"£1,200,000"
28,Defender,188,78,19(9),1945,-,1,7,-,0.4,76.4,2,-,1.5,1,1,0.2,2.9,0.8,0.4,-,0.6,1,0.5,0.1,1,1,31.6,0.6,0.8,-,6.61,"£1,040,000"
31,Midfielder,169,71,29(1),2487,1,1,6,1,0.4,83.7,0.9,1,2.8,1.5,1.5,-,1.5,1.5,0.4,-,0.6,0.2,0.3,-,0.5,0.9,45.1,-,4.1,-,6.66,"£1,560,000"
25,Midfielder,186,79,7(2),641,-,-,2,-,0.4,85.2,1.6,-,2,1.8,0.7,0.2,2.8,0.6,0.4,-,0.3,0.2,0.1,0.1,0.4,0.3,41.2,-,2.2,-,6.69,"£1,092,000"
31,Forward,188,76,4(14),500,2,1,1,-,1,80,0.2,-,0.2,0.1,0.3,-,-,0.1,-,-,0.4,0.3,0.6,0.2,0.6,0.9,10.6,0.1,0.5,0.1,6.41,"£6,760,000"
31,Midfielder,182,79,1(4),95,-,-,1,-,0.2,79.2,-,-,-,0.2,0.4,-,0.4,-,0.2,-,0.2,0.2,0.2,-,0.8,0.2,4.8,-,-,-,6.08,"£1,560,000"
29,Defender,184,78,9(2),806,1,-,1,-,1.3,87,1.6,1,1.8,1.4,0.9,0.3,1.8,0.5,-,-,0.4,0.7,0.7,-,0.5,0.7,69.7,0.2,1.7,-,7.01,"£4,160,000"
28,,178,73,23(1),1668,7,3,1,-,2.3,71.4,0.8,-,1.3,0.2,0.7,-,0.3,0.7,0.1,-,1.2,0.8,0.9,0.3,1.2,2.3,16.3,-,0.5,0.2,6.83,
30,Defender,173,72,20(6),1798,-,3,5,-,0.6,73.7,1,1,1.9,0.9,1,0.2,0.8,0.5,0.2,-,1,1.3,1.8,-,0.7,1.9,35.7,0.8,1,-,6.84,"£3,120,000"
33,Defender,176,80,3(3),291,-,-,-,-,-,70.9,1.3,-,1.8,1,0.3,-,2.5,0.3,0.5,-,0.2,-,-,-,0.3,0.2,18.3,-,1.2,-,6.58,"£2,340,000"
28,Forward,178,72,4(10),440,1,-,-,-,0.8,54.3,2.2,-,0.1,-,0.1,-,0.6,0.2,0.1,-,0.5,-,0.4,0.2,0.4,0.9,6.6,-,0.1,-,6.29,"£960,000"
29,Forward,185,73,1(7),148,1,1,-,-,0.5,74.1,0.9,-,0.4,0.1,0.4,-,0.1,-,-,-,0.6,0.3,0.3,-,0.4,0.6,6.8,-,0.1,-,6.39,"£6,500,000"
31,Defender,185,80,17(1),1522,-,2,3,-,0.6,75.8,1.1,-,2,1.8,0.9,0.4,3.3,0.5,0.3,-,0.7,0.7,0.1,0.1,0.6,0.8,33.3,0.8,2.6,-,6.88,"£2,340,000"
31,Goalkeeper,191,87,4,360,-,-,-,-,-,37.4,0.3,1,-,-,-,-,1,-,-,-,-,-,-,-,-,-,24.8,-,6.8,-,6.69,"£833,333"
29,Goalkeeper,192,76,38,3420,-,-,1,-,-,60,0.1,1,-,-,-,-,0.6,0.1,-,-,-,-,0.1,-,-,-,24.9,-,7.9,-,6.52,"£10,400,000"
33,Defender,189,84,36,3239,3,2,3,-,0.9,88,2.3,-,1.1,1,0.9,0.7,4,0.2,0.5,-,0.6,0.3,0.8,-,0.1,0.4,72.8,-,6,0.3,7.08,"£6,240,000"
34,Midfielder,173,67,28(5),2412,6,8,3,-,1.5,87.8,0.6,1,0.9,0.7,0.8,-,0.4,0.6,-,-,2.2,0.9,0.8,0.2,0.9,0.8,61.1,0.5,1.2,0.2,7.26,"£8,320,000"
28,Defender,185,70,1(3),125,-,-,-,-,0.5,80,0.8,-,-,0.8,0.5,-,1,0.3,-,-,0.3,0.5,0.3,-,0.5,0.5,18.8,-,0.5,-,6.39,"£3,640,000"
24,Defender,187,81,22(1),1943,1,1,2,-,0.6,89.9,2.9,-,1.6,1.3,0.9,1.1,4.4,0.7,0.4,-,0.2,-,0.4,-,0.1,0.3,62.6,-,2.7,-,6.83,"£3,380,000"
29,Midfielder,185,79,30,2551,1,1,2,-,0.5,80,1.2,1,1.7,1.8,1.1,-,1.1,1.2,0.2,-,0.6,1,0.6,-,0.8,1.5,40.4,0.1,2.5,0.1,6.65,"£2,340,000"
27,Defender,172,75,28(1),2475,1,2,6,1,0.4,71.6,1,-,1.9,1,1.4,0.2,2.4,0.8,0.3,1,1,0.3,0.4,0.1,0.3,1.2,25.2,0.6,0.9,-,6.5,"£1,560,000"
21,Midfielder,185,76,34,3005,2,-,4,-,0.6,86.4,1.6,2,2.9,1.5,0.5,-,1.6,1.5,0.4,-,0.3,0.8,0.2,-,0.6,0.6,44.6,-,2.9,-,6.93,"£156,000"
31,Defender,188,84,11(2),986,1,-,1,-,0.5,86.6,4.1,1,1.2,0.8,0.2,1.2,3.9,0.6,0.5,-,0.1,-,0.8,-,0.1,0.2,63.2,0.2,2.6,0.1,7.08,"£5,200,000"
24,Midfielder,188,76,22(3),1835,5,3,4,-,1.6,80.3,0.8,1,1.3,0.8,0.9,-,0.7,0.8,0.2,-,1.1,1.2,0.8,0.1,1.2,2,41.1,0.1,1,0.1,6.95,"£5,200,000"
24,Forward,180,74,23(11),1996,4,1,2,-,1.4,77.6,0.3,-,0.7,0.3,0.4,-,0.4,0.3,-,-,0.5,1.2,0.4,0.1,1.1,1.7,19.3,0.1,0.6,-,6.51,"£2,860,000"
32,Defender,178,72,29(2),2594,-,1,4,-,0.3,82.1,1.8,-,1.5,1.3,1.2,0.3,4.6,0.4,0.8,1,0.4,0.5,1,-,0.4,0.6,43,0.1,2.2,-,6.62,"£462,800"
21,Midfielder,183,76,12(4),1015,-,2,3,-,0.9,70.9,1.4,-,1.5,0.6,0.8,0.4,1.9,0.3,0.1,-,1.1,0.7,0.1,0.1,0.3,0.6,26.4,0.9,0.6,-,6.63,"£1,300,000"
23,Forward,178,70,29(4),2372,9,5,11,-,1.8,75.6,0.8,3,0.8,0.4,1.3,-,0.3,0.8,-,-,0.8,1.7,1.7,0.2,1.5,2.3,22.6,0.2,0.5,0.1,6.89,"£2,340,000"
25,Forward,185,75,4(8),368,3,1,-,-,1.1,70.4,0.3,-,0.5,-,0.2,0.1,0.1,0.3,-,-,0.3,0.5,0.4,0.3,0.8,0.8,9,-,0.5,-,6.57,"£1,456,000"
23,Forward,187,71,19(16),1776,6,2,3,-,1.5,61.7,3.2,-,0.4,0.2,1,-,0.5,0.2,0.1,-,0.3,0.6,0.9,0.2,1.2,1.9,12.2,0.1,0.3,-,6.61,"£1,040,000"
23,,187,80,2(8),342,-,1,-,-,1.1,71.7,1.5,-,0.8,0.2,0.2,0.1,0.9,0.7,0.1,-,0.8,1,0.9,0.1,0.9,1.5,9.9,-,0.2,-,6.5,
29,Midfielder,175,74,32(5),2926,16,15,2,-,2.5,84.3,0.5,14,0.4,0.4,0.3,-,0.1,0.3,-,-,2.6,3.7,2.8,0.3,2.3,2.4,49.2,0.9,2.7,0.3,7.81,"£11,700,000"
27,Goalkeeper,188,86,38,3420,-,1,2,-,-,82.6,0.3,-,0.1,-,0.1,-,0.5,-,-,-,0.1,-,0.1,-,-,-,24.2,-,3.3,-,6.66,"£3,380,000"
28,Forward,178,74,13(7),1182,-,-,2,-,0.7,71.3,1.2,-,1.1,0.2,1.2,-,0.5,0.8,0.1,-,0.3,0.5,1.1,0.5,1,1.1,14.8,0.3,0.2,-,6.14,"£1,300,000"
26,Defender,176,63,7(3),660,-,-,-,-,0.5,89.9,0.5,-,1.4,0.8,0.8,0.2,0.8,0.4,0.1,-,0.5,1,0.6,-,0.9,0.8,43.6,0.3,0.6,0.1,6.59,"£3,510,000"
26,Defender,187,77,8(4),639,-,-,-,1,0.3,87.1,1.1,-,1.3,1.1,0.4,0.3,3.1,0.2,0.3,-,-,0.3,0.4,-,0.1,0.4,25.2,-,1.6,-,6.37,"£4,160,000"
26,Midfielder,188,88,18(2),1510,3,-,4,-,0.5,84.9,1.8,-,1.3,1.1,1.2,-,2.1,1.4,0.6,-,0.4,0.1,0.5,-,0.5,0.6,54.2,0.1,2.3,0.1,6.74,"£3,120,000"
28,Defender,183,72,21(7),2054,-,1,-,-,0.4,69,0.8,-,1.3,1.5,0.5,0.3,1.3,0.7,0.2,-,0.4,0.4,0.8,-,0.5,1.2,27.7,0.4,1.3,-,6.33,"£1,820,000"
28,Midfielder,181,79,9(10),973,4,2,2,-,1.5,83.2,0.2,1,0.9,0.4,1.2,-,0.1,0.5,-,-,1.2,1.1,0.9,0.1,1.1,1.5,22.2,0.5,0.4,0.2,6.77,"£4,160,000"
32,Midfielder,189,80,33,2947,1,3,14,1,0.5,84.4,2,2,2.8,2.6,1.4,0.1,2.8,1.6,0.4,-,0.3,1,1.8,-,0.6,0.5,53,-,3.5,0.1,7.13,"£2,080,000"
29,Defender,188,82,23,2014,1,-,2,-,0.8,79.4,3,1,1.7,2.3,0.8,0.6,7.5,1.1,0.6,-,0.1,-,0.2,-,0.1,0.2,36.2,-,2.2,-,6.98,"£2,080,000"
30,Midfielder,174,60,8(3),725,-,1,1,1,0.4,91.3,0.8,-,2.1,1.2,0.5,0.3,1.5,1,-,-,0.3,0.7,0.6,-,0.1,0.9,62.9,0.3,2.4,-,6.82,"£4,160,000"
28,Defender,188,84,22(2),2004,4,1,12,-,1,68.1,2.7,6,2.5,2.8,1.2,0.4,5.7,1.1,0.7,-,0.5,0.6,0.8,-,0.4,0.5,41.4,0.1,5.6,-,7.3,"£2,080,000"
26,Midfielder,188,78,21(7),2013,1,2,6,-,0.6,85.3,2,-,2.1,1,1,0.2,0.9,1.3,0.2,-,0.6,0.4,1.1,-,0.6,0.4,57.5,0.1,2.6,-,6.95,"£5,200,000"
32,Goalkeeper,184,79,2,180,-,-,-,-,-,68.1,-,-,0.5,-,-,-,1.5,-,-,-,-,-,0.5,-,-,-,23.5,-,8,-,6.63,"£2,340,000"
31,Defender,190,83,17(2),1484,-,1,2,-,0.2,78.9,2,-,0.8,1.3,0.6,0.3,5.4,0.4,0.6,-,0.3,-,0.4,0.1,0.2,0.4,32.2,0.1,3.8,-,6.62,"£2,236,000"
27,Midfielder,175,70,36,3054,9,4,3,-,1.6,76,0.3,6,2.5,1.1,0.8,-,0.3,1.9,-,-,1.8,2.1,1.4,0.1,1.5,2.7,46.3,0.9,2.4,0.3,7.23,"£4,420,000"
35,Midfielder,179,67,27(2),2382,1,3,5,-,1,87.5,2.6,2,2,1.4,1.4,0.1,2.4,0.7,0.1,-,0.8,0.7,0.9,0.1,0.4,0.9,70.7,-,2.7,0.2,7.31,"£7,800,000"
35,Forward,193,90,6(14),685,1,4,2,-,1.2,66.4,2.7,-,0.2,0.1,0.6,-,0.5,0.1,0.1,1,0.7,0.3,0.3,0.3,0.6,1.4,11.2,-,0.2,-,6.49,"£3,900,000"
26,Defender,182,73,19(5),1841,-,-,1,-,0.3,75.2,1,-,1.3,0.9,0.5,0.3,1.1,1,0.3,-,1,0.4,0.8,0.1,0.1,0.9,30.2,0.9,1.4,-,6.4,"£1,196,000"
29,Defender,189,89,12,1055,-,-,-,-,0.6,76.2,2.6,-,2.1,1.8,0.9,0.3,3.7,1.1,0.4,-,0.5,0.3,0.4,-,-,0.8,46.9,0.1,6.8,0.1,6.95,"£1,976,000"
27,Forward,180,78,8(15),876,3,-,5,-,0.8,67.3,1.6,-,0.4,0.1,1.2,-,0.5,0.2,-,-,0.1,0.4,0.9,0.2,1.4,2.1,7.2,0.1,0.1,-,6.22,"£2,080,000"
31,Forward,175,73,3(13),468,1,-,-,-,0.4,79.2,0.4,-,0.3,0.4,0.4,-,0.2,0.3,0.1,-,0.6,0.6,0.4,0.3,0.8,1.3,12,0.1,0.4,-,6.24,"£416,000"
24,Forward,175,60,1,55,-,-,-,-,-,57.1,1,-,2,-,-,-,-,1,-,-,1,-,1,1,-,1,14,1,-,-,6.19,"£780,000"
32,Goalkeeper,201,93,1,90,-,-,-,-,-,31.6,-,-,-,-,-,-,1,-,-,-,-,-,-,-,-,-,19,-,5,-,6.36,"£3,640,000"
27,Midfielder,169,64,13(4),1045,1,1,2,-,1,86.3,0.2,1,1.7,0.9,1.5,0.1,0.5,1.1,0.1,-,0.7,0.6,1.1,0.1,1.1,1.2,45.2,0.3,3.5,0.1,6.49,"£6,240,000"
23,Forward,175,73,8(21),1022,7,3,1,-,1.5,82.6,0.5,1,0.3,0.1,0.4,-,0.1,0.2,0.1,-,0.7,0.8,0.6,0.5,1,1.1,12.3,-,0.1,-,6.64,"£4,680,000"
32,Defender,187,74,19(3),1805,-,-,-,-,0.1,74.3,1.1,-,0.7,1.1,0.5,0.2,2,0.2,0.3,-,0.4,0.5,0.2,-,0.7,0.8,27.4,0.4,1.1,-,6.31,"£1,040,000"
34,Defender,193,86,0(2),22,-,-,-,-,-,88.9,0.5,-,-,-,-,0.5,0.5,-,-,-,-,-,-,-,-,-,9,-,-,-,6.12,"£5,200,000"
29,Midfielder,175,69,32(3),2736,3,-,3,-,0.9,91.1,0.9,1,1.2,0.6,0.5,-,0.7,0.4,0.2,-,0.7,0.8,0.9,0.1,1.1,1.5,50.5,0.1,1.6,-,6.89,"£3,900,000"
26,Forward,177,73,26(4),2083,10,5,3,-,2,77.4,0.1,3,0.4,0.5,0.5,-,0.1,0.7,-,-,1,1.6,0.4,1.1,2,2.2,23.9,0.2,0.5,0.1,6.84,"£3,120,000"
37,Forward,183,80,30(8),2513,13,1,5,-,1.4,58.3,4.6,3,0.4,0.1,2.1,0.1,0.4,0.4,0.1,-,0.3,0.2,1.4,1,0.9,2.2,15.9,-,0.2,-,6.65,"£1,560,000"
28,Midfielder,185,82,29,2502,4,2,10,-,1,85.3,1.8,4,1.8,1.2,1.6,0.2,1.9,1.2,0.3,-,1.4,0.2,1.8,-,0.6,0.6,77.4,1.1,5.5,0.1,7.03,"£5,200,000"
29,Defender,183,77,7,630,-,-,3,-,0.3,73.7,0.6,-,2.6,2.4,1.1,0.1,1.9,1,0.4,-,0.7,-,1.9,-,0.1,0.9,25.6,0.3,2.3,-,6.43,"£987,000"
31,Midfielder,186,79,36(2),3134,13,6,3,-,2.3,76.2,0.5,6,1.5,0.7,0.9,-,0.6,0.8,0.1,-,1.9,1,1,0.1,0.8,2.1,26.1,1.3,0.7,0.3,7.16,"£5,200,000"
23,Midfielder,178,64,7(2),597,-,-,-,-,0.4,84.6,0.6,-,2.7,1.7,0.8,-,1.3,0.7,0.3,-,0.6,0.2,0.2,-,0.2,0.8,26.7,0.1,1.1,-,6.76,"£416,000"
27,Forward,188,86,27(1),2427,17,4,5,-,3.6,73.1,1.8,6,0.4,-,1.1,-,0.5,0.5,0.2,-,1.1,1.4,1.9,0.4,1.6,2.9,19.7,0.1,1.6,-,7.38,"£10,400,000"
27,Defender,194,100,31,2599,3,-,6,1,1,85.6,3.8,2,1,1.2,0.6,0.8,4.9,0.2,0.6,-,0.4,0.5,0.5,0.1,0.2,0.7,56.4,-,6.2,-,7.01,"£4,680,000"
24,Midfielder,178,65,17(9),1592,1,-,4,-,0.3,91.8,0.5,1,0.8,0.8,0.6,-,0.7,1,0.1,-,0.3,0.7,0.6,0.1,0.8,0.6,53.4,-,2.2,-,6.55,"£2,600,000"
25,Defender,178,74,18(1),1535,-,5,3,-,0.9,84.2,1.1,-,0.8,1.1,0.8,0.2,1.7,0.4,0.3,1,0.4,0.8,0.3,0.1,0.8,1.1,41.3,0.5,1.3,0.1,6.71,"£5,720,000"
26,Forward,178,73,16(9),1346,1,2,3,-,1,81.4,0.4,-,0.7,0.4,0.8,-,0.2,0.6,-,-,0.7,1,0.9,0.2,1.7,1.9,17.7,0.1,0.4,-,6.36,"£1,690,000"
31,Midfielder,177,75,19(6),1645,6,4,1,-,2,79.9,0.8,1,1.1,0.6,1.1,-,0.4,0.6,0.1,-,1.2,0.8,0.4,0.1,1,2,31.8,0.3,0.8,0.2,6.88,"£7,800,000"
28,Forward,183,78,23(8),2049,12,6,2,1,2.4,85.6,0.1,4,0.7,0.3,0.4,-,0.1,0.8,0.1,-,1.1,1.5,0.6,0.7,1.4,1.9,24.3,0.2,0.4,0.1,7.1,"£7,280,000"
33,Goalkeeper,188,82,33,2970,-,-,-,-,-,73.6,0.3,2,-,-,-,-,1,0.1,-,-,-,-,0.1,-,-,0.1,31.7,-,6.7,-,6.96,"£5,200,000"
26,Midfielder,180,84,1(2),87,-,-,-,-,-,85.3,0.3,-,-,1,0.3,-,1.3,0.3,-,-,-,0.3,-,-,-,0.3,11.3,-,-,-,6.08,"£650,000"
31,Midfielder,174,66,32(1),2826,-,2,6,-,0.6,84.3,1,2,4.3,2.2,1.6,-,1.3,1.2,0.2,-,0.5,0.7,1.2,-,0.9,1,52.8,0.1,3.2,0.1,7.14,"£3,640,000"
29,Midfielder,180,80,23(8),2136,6,3,3,-,1.4,90.8,0.8,2,0.6,0.9,0.4,-,0.6,0.8,0.1,-,1.4,0.6,0.7,-,0.5,0.9,64.4,0.9,2.4,0.1,7.1,"£7,280,000"
25,Midfielder,185,79,21(4),1864,1,4,3,1,0.9,79.4,2.2,2,2.9,1.6,1.3,0.1,1.1,0.7,0.2,-,0.9,0.5,0.6,-,1,1.3,28.8,0.2,1,0.1,6.96,"£1,144,000"
24,Forward,187,77,10(12),984,1,1,1,-,0.7,75.4,0.1,-,0.5,0.2,0.4,-,0.2,0.1,-,-,0.3,0.2,0.2,0.2,0.5,0.8,10.5,0.3,0.4,-,6.14,"£483,600"
24,Forward,186,86,9(21),1039,1,1,4,-,1,71.3,1,-,0.5,0.1,0.8,-,0.4,0.1,-,-,0.7,0.5,1.6,0.4,0.8,1.5,11.6,-,0.3,-,6.32,"£1,560,000"
23,Defender,194,92,33,2970,1,-,4,-,0.4,86,2.3,1,2.1,1.9,0.5,1.1,4.7,0.6,1.1,1,0.1,0.2,0.5,0.1,-,0.4,34.4,-,1.6,-,6.89,"£3,484,000"
26,Forward,175,73,6(17),687,3,1,1,-,0.6,75.5,0.4,-,0.2,0.2,0.6,-,0.2,0.6,-,-,0.8,0.7,0.2,0.3,0.8,1.1,12.8,0.7,0.1,-,6.35,"£1,450,000"
31,Midfielder,183,70,37,3313,1,2,6,-,0.5,81.2,1.4,-,1.4,0.8,0.8,-,2.1,0.8,0.4,-,0.5,0.8,1,0.1,1,1.2,35.9,0.1,2.1,0.1,6.58,"£1,976,000"
26,Defender,185,75,19(5),1699,1,-,4,-,0.3,75,2.3,1,1,1.5,0.5,0.3,3.9,0.5,0.5,-,0.2,0.2,0.3,-,0.2,0.4,32,-,2.4,-,6.52,"£2,496,000"
28,Midfielder,172,68,4(4),389,-,1,2,-,0.3,89.8,0.3,-,0.9,0.9,0.9,-,-,0.5,0.1,-,0.6,1.9,1.5,-,0.9,0.4,27,-,1.9,-,6.68,"£5,200,000"
25,Forward,179,74,3(6),300,-,1,-,-,0.2,65.9,0.4,-,0.7,0.1,0.4,-,0.7,0.2,0.2,-,0.1,0.3,-,0.1,0.3,1.1,4.9,0.3,0.4,-,6.25,"£1,300,000"
26,Defender,188,89,32,2748,-,1,4,-,0.3,76.7,2.9,-,1,1.2,0.5,0.5,6.6,0.1,0.9,-,0.1,-,0.3,-,0.2,0.3,34.5,-,2.3,-,6.8,"£1,782,857"
23,Midfielder,175,73,35(1),2850,7,7,3,1,2.3,83.8,0.3,3,1.3,0.3,0.7,-,0.1,1.2,0.1,-,2.8,1.4,2.2,0.1,1.1,1.3,39,1.9,2.2,0.3,7.2,"£2,860,000"
33,Midfielder,178,75,36(2),3072,3,6,7,-,0.9,79.3,1.3,1,2.2,1,1.6,0.1,1.2,1.3,0.6,-,0.8,0.5,1,0.1,0.9,1.4,36.8,0.1,1.7,0.1,6.8,"£2,860,000"
29,Midfielder,180,72,0(1),14,-,-,-,-,-,100,-,-,2,1,-,-,-,-,-,-,-,-,-,-,-,-,6,-,-,-,6.36,"£2,600,000"
34,Midfielder,175,70,19(12),1787,5,4,5,1,0.8,84.6,0.6,1,1.4,0.6,0.9,0.2,0.7,0.8,0.2,-,1.4,0.5,0.9,-,0.3,1,45.2,1.2,2.6,0.1,6.91,"£7,280,000"
27,Defender,185,81,35,3087,3,1,8,-,0.6,69.5,4.8,3,2,1.2,1,0.3,6.7,0.6,1.6,-,0.1,0.2,0.9,0.1,0.3,0.7,32.4,-,3.1,-,7.11,"£2,600,000"
31,Defender,192,74,29,2563,1,1,6,-,0.8,83,3.1,-,1.2,1.2,0.6,0.6,6.2,0.4,0.3,-,0.2,0.1,0.4,-,0.1,0.3,38.3,-,4.3,-,6.85,"£2,600,000"
25,Midfielder,173,66,21(5),1942,7,-,4,-,1.2,76.5,0.8,-,1.4,1,0.8,-,2,1.1,0.2,1,1.8,0.2,0.4,0.1,0.6,1,27.7,1.5,1,-,6.87,"£2,253,333"
33,Forward,179,74,30(4),2733,18,4,3,1,2.3,65.6,2,3,0.4,0.2,0.6,-,0.8,0.4,-,-,0.9,0.4,0.6,1.1,0.6,1.5,12.2,0.2,0.2,-,6.94,"£7,280,000"
24,Defender,189,77,24(1),2151,-,1,7,-,0.2,70.5,3.2,3,1.6,2.8,0.9,0.8,6.7,0.6,1.1,-,0.4,-,0.2,-,0.2,0.2,32.8,-,1.7,0.1,7.04,"£1,040,000"
33,Defender,189,87,22,1915,1,-,3,1,0.7,87.5,2.3,1,1.8,1.5,0.5,0.9,3.3,0.5,0.5,-,0.2,0.4,0.5,-,0.1,0.5,69.6,0.2,3.1,-,6.89,"£4,628,000"
28,Defender,199,96,23,2030,-,-,2,-,0.6,76.9,3.7,-,2.3,1.5,0.7,0.9,7.4,0.7,0.9,-,0.2,0.4,0.6,-,0.2,0.4,36.7,-,2.3,0.1,7.07,"£3,120,000"
34,Midfielder,173,70,0(5),11,-,-,-,-,-,75,-,-,0.2,-,0.6,-,-,-,-,-,-,-,-,-,0.2,-,2.4,-,-,-,6.02,"£1,820,000"
34,,173,70,5(1),383,-,-,1,-,1,79.5,1,-,1.2,0.7,1.5,-,1.3,1,0.2,-,0.8,0.8,0.3,0.2,2,2,33.3,0.3,2,0.2,6.31,
32,Forward,175,73,14(11),1339,7,1,2,-,1.5,71.1,0.5,-,0.1,-,0.4,-,0.3,0.2,-,-,0.2,0.5,1.4,0.4,0.4,1.2,12.9,-,0.4,0.1,6.59,"£7,280,000"
26,Defender,178,76,12(6),1100,-,3,2,-,0.1,69.9,1.1,-,1.5,0.9,0.7,0.1,2.7,0.3,0.1,-,0.5,0.3,0.4,0.1,0.5,1.2,19.6,0.2,0.7,-,6.59,"£1,820,000"
29,Defender,185,78,0(4),129,-,-,-,-,-,69.2,-,-,-,0.5,-,0.3,1.3,0.3,0.3,-,-,-,-,-,-,0.5,6.5,-,-,-,6.04,"£675,000"
29,Midfielder,168,69,27(5),2252,1,2,6,-,0.6,87,0.4,-,1.3,1,1,-,0.4,1,0.3,-,1.8,0.5,0.7,-,0.8,1,49.8,1.2,3.1,-,6.55,"£3,380,000"
28,Midfielder,185,79,25(7),2071,3,-,4,-,0.6,75.3,0.5,1,0.8,0.4,0.5,-,0.8,0.7,0.2,-,0.4,0.4,0.4,0.3,0.9,1,20.6,0.1,0.7,-,6.27,"£1,820,000"
25,Midfielder,179,70,29(1),2511,2,-,12,-,1,83.2,2.5,-,1.5,1.8,1.4,-,2.8,1.3,0.6,1,0.5,0.7,1.7,0.1,0.7,0.8,52,0.1,2.3,0.1,6.97,"£2,600,000"
27,Defender,178,72,18(12),1667,4,1,1,-,0.9,75.9,1.8,1,1.4,0.6,0.8,-,0.7,0.6,0.3,-,0.5,0.7,0.5,-,0.8,1,21,0.1,0.5,-,6.66,"£2,912,000"
27,Forward,175,62,19(8),1670,4,2,3,-,1.2,85.7,0.2,1,1.1,0.4,1,-,0.2,0.8,0.1,-,0.6,0.5,0.9,0.3,0.7,1.6,28.2,0.1,0.3,0.1,6.59,"£3,900,000"
24,Defender,190,78,9(2),720,1,-,2,-,0.8,75.5,2,-,2.4,0.8,0.8,0.1,1.7,1.1,0.8,-,0.2,0.1,1.1,-,0.1,0.6,26.7,-,1.5,-,6.42,"£780,000"
30,Defender,183,74,30,2641,-,1,5,-,0.3,71.8,1.2,-,1.7,2,0.7,0.1,2.8,0.5,0.3,-,0.5,0.8,1.2,-,0.4,0.3,23.1,0.4,1.4,-,6.77,"£1,015,000"
27,Defender,173,75,27(1),2347,-,1,5,-,0.8,75.4,1.1,-,2.2,1.1,0.9,0.1,2.5,0.6,0.4,-,0.9,0.5,1,0.1,0.6,0.8,33.9,0.8,1.7,-,6.65,"£1,560,000"
23,Defender,188,77,12(4),1060,-,-,2,-,0.3,87.5,1.5,-,1.1,0.9,0.8,0.4,2.4,0.4,0.3,-,0.4,0.3,0.6,-,0.1,0.6,49.2,0.1,2,-,6.76,"£1,560,000"
33,Goalkeeper,196,91,19,1710,-,-,-,-,-,45,0.2,-,-,-,-,-,0.8,0.1,-,-,0.1,-,-,-,-,0.1,29.7,-,10.8,-,6.61,"£2,340,000"
27,Midfielder,183,70,22(6),1960,-,-,4,1,0.8,69.2,1.2,-,1.6,1,1,-,1,0.8,0.2,-,1.2,0.2,0.4,-,0.5,0.7,27.8,0.9,2.9,-,6.45,"£1,275,000"
29,Defender,195,90,17(5),1535,1,-,3,-,0.4,86.9,3,2,1.8,1.5,0.5,0.8,3.5,0.5,0.3,-,0.1,0.3,0.8,-,-,0.3,61,-,2.1,-,7.11,"£5,200,000"
30,Defender,188,83,6(1),551,1,-,1,-,0.3,72.6,2.6,-,1.7,1.4,1.1,0.1,4.4,1,-,-,0.3,0.1,0.9,0.1,0.6,0.7,27.1,-,1.3,-,6.74,"£1,820,000"
29,Midfielder,186,78,19(10),1749,3,6,2,-,1.1,72.5,1.1,2,0.9,1.1,0.3,-,1.1,0.6,0.1,-,1.3,0.6,0.8,0.1,1,1.4,16.9,1.3,0.6,-,6.74,"£1,560,000"
33,Goalkeeper,193,97,1,90,-,-,-,-,-,68.4,-,-,-,-,-,-,-,-,-,-,-,-,-,-,-,-,19,-,9,-,7.19,"£1,820,000"
26,Defender,188,70,20(4),1763,-,-,1,-,0.2,94.2,2.5,-,0.7,0.6,0.3,0.3,2.5,0.2,0.4,-,0.2,0.3,0.3,-,0.1,-,73,-,4.3,-,6.87,"£5,200,000"
31,Midfielder,170,67,29,2377,-,1,8,1,0.3,83.2,1.1,-,2.7,2.5,2,-,0.6,1.4,0.2,-,0.6,0.3,1.2,-,0.7,1.1,53.3,0.1,2.4,-,6.6,"£1,196,000"
28,Midfielder,184,80,10(6),944,1,1,1,-,1.4,71,0.9,-,1.4,0.4,1,-,0.8,0.6,0.2,-,1.6,0.6,0.3,-,0.3,0.5,39.3,0.9,5.4,0.1,6.8,"£3,640,000"
23,Defender,176,67,8(2),790,-,1,1,-,0.3,72,2.3,-,2.1,1.7,1,0.7,3,0.8,0.2,-,0.6,0.5,0.1,-,0.9,0.7,42.8,0.4,1.8,-,6.78,"£780,000"
26,Defender,175,70,32(1),2780,1,1,6,-,0.8,77.8,1.2,1,2.4,1.8,0.7,0.2,1.6,0.9,0.2,-,0.9,0.9,1,0.2,1.2,1.2,32.6,0.3,1,-,6.85,"£1,907,000"
32,Defender,188,77,21(3),1995,1,-,2,-,0.5,84.7,3,-,1,1.4,0.9,0.8,6.1,0.2,0.4,-,0.2,-,0.7,-,0.2,0.3,42.9,-,2.8,-,6.88,"£4,160,000"
30,Midfielder,182,67,21(11),1983,1,3,1,1,0.5,87.2,0.8,-,1.4,0.9,0.8,-,0.4,0.7,0.1,-,0.5,0.2,0.4,-,0.3,0.7,54.4,0.2,3.3,0.1,6.67,"£7,280,000"
26,Goalkeeper,185,77,38,3420,-,-,1,-,-,55.7,0.3,2,-,-,-,-,0.9,-,-,-,-,-,0.1,-,-,0.1,29.4,-,7.5,-,6.5,"£5,208,333"
36,Defender,184,77,27(1),2394,3,6,12,1,0.6,68.5,2.2,-,2.4,0.8,1.2,0.4,2.9,0.9,0.3,-,1.4,0.8,0.5,0.1,0.9,1,29.8,1.5,1.6,-,7.0,"£1,560,000"
28,Forward,171,73,9(6),794,-,1,1,-,1,74.6,0.2,-,1,0.3,0.4,-,0.5,0.7,0.1,-,0.4,0.9,0.3,0.3,0.8,1.2,13.7,0.1,0.3,-,6.38,"£2,340,000"
34,Midfielder,170,61,35(3),3040,1,8,4,-,0.5,84.8,0.6,1,3,1.1,1.4,-,1.1,2.2,0.3,-,2.2,0.3,1,-,0.7,0.4,49,1.7,3.3,-,7.06,"£5,200,000"
30,Forward,192,80,5(11),587,2,-,1,-,1.1,62,2.7,-,0.9,0.2,0.3,-,0.9,0.3,-,-,0.1,0.1,0.4,0.3,1,1.1,13,-,0.3,0.1,6.41,"£2,080,000"
25,Forward,173,67,22(7),1826,3,2,2,-,1.6,60.4,0.4,1,0.9,0.4,0.5,-,0.3,0.7,-,-,0.6,1.3,1.9,0.3,1.3,1.5,10.6,0.5,0.4,0.1,6.54,"£1,300,000"
28,Forward,180,74,34(1),2974,12,3,3,-,2.1,72,2.5,5,0.9,0.2,1.5,-,0.4,0.6,0.1,-,1.1,1.9,1.3,0.2,2.7,3.2,23,0.2,0.3,0.1,6.96,"£2,340,000"
22,Defender,179,69,10(2),890,1,-,3,1,0.3,85.2,2.1,1,2.6,0.8,1.3,0.8,4,0.4,0.4,-,0.3,1.6,0.8,-,0.8,0.9,48.8,-,1.8,0.1,6.93,"£1,118,000"
32,Midfielder,170,63,16(6),1295,3,2,3,-,0.9,86,0.1,-,0.4,0.3,0.5,-,0.2,0.7,-,-,1.4,0.5,0.4,0.4,0.9,0.6,31.8,0.6,2.2,0.1,6.7,"£8,320,000"
41,Goalkeeper,186,87,1,90,-,-,-,-,-,37.5,1,-,-,-,-,-,1,-,-,-,-,-,-,-,-,2,32,-,10,-,5.45,"£1,300,000"
23,Midfielder,178,74,16(5),1416,1,-,4,-,0.9,75.4,0.8,-,2.2,1.1,1.6,0.1,0.5,1.5,-,-,0.9,1.2,1,-,0.8,1.9,34,0.4,2.8,-,6.49,"£884,000"
30,Forward,173,70,23(9),2143,3,1,4,-,1.3,71.6,0.6,-,1.3,1,1.1,-,0.8,1.2,-,-,0.8,0.7,1.2,0.3,1.2,1.6,13.8,0.6,0.5,-,6.46,"£1,456,000"
26,Forward,187,88,12(14),1230,2,-,1,-,1.1,72.8,0.9,-,0.6,0.3,0.8,-,0.3,0.2,-,-,0.5,0.2,0.4,0.4,0.6,1.6,12.7,0.2,0.7,-,6.27,"£2,106,000"
27,Midfielder,175,67,3(10),366,1,-,1,-,0.4,70.5,0.2,-,0.9,0.2,0.3,-,0.3,0.1,-,-,0.5,0.5,0.4,0.1,0.5,1,6.8,0.3,-,-,6.37,"£625,000"
33,Goalkeeper,189,89,38,3420,-,-,3,-,-,65.5,0.3,-,-,0.1,-,-,0.8,-,-,-,-,-,0.1,-,-,-,29.4,-,9.2,-,6.54,"£6,760,000"
24,Forward,185,82,9(21),931,1,3,2,-,0.6,76.4,0.5,-,0.2,0.1,0.5,-,0.1,0.1,-,-,0.4,0.3,0.2,0.3,0.7,1,9.2,-,0.2,0.1,6.22,"£3,120,000"
26,Forward,189,98,7(12),747,1,1,1,-,0.9,62.5,2.2,-,0.2,0.1,0.7,-,0.3,0.1,0.1,-,0.6,0.3,1.1,0.2,0.7,1.2,7.2,0.1,0.1,0.1,6.31,"£858,000"
26,Goalkeeper,189,84,36,3240,-,-,2,-,-,85.4,0.2,1,-,-,-,-,0.4,-,-,-,-,-,0.1,-,-,-,27.9,-,5.2,-,6.63,"£7,800,000"
29,Midfielder,181,68,11(8),978,2,2,2,-,1.6,83.7,0.3,2,1.2,0.2,0.5,0.1,0.1,0.7,0.1,-,1.9,1,0.8,0.1,0.7,1.2,38.2,1.1,2.4,0.2,7.05,"£16,683,333"
30,Defender,188,83,5(1),513,-,1,-,-,0.2,81,3.3,-,3,1.2,0.5,0.5,5.7,1.7,0.8,-,0.2,0.2,0.8,-,0.2,-,28,-,3.5,-,6.92,"£832,000"
31,Midfielder,192,95,10(5),843,-,-,4,1,0.3,85.2,1.3,-,0.9,0.6,0.8,0.1,1.3,0.5,0.1,-,0.3,-,0.4,-,0.3,0.2,38.3,-,2.2,-,6.15,"£1,144,000"
31,Midfielder,189,75,14(4),1302,-,1,2,-,0.5,85.1,0.8,-,0.8,1.1,0.6,-,1.1,0.5,0.1,-,0.9,0.3,0.9,-,0.6,0.7,33.2,0.8,2.9,-,6.57,"£2,080,000"
30,Defender,178,71,26(1),2278,1,3,2,-,0.3,78.9,1.1,1,2.5,0.9,0.7,0.6,2.3,0.9,0.2,1,1.8,0.3,0.9,0.2,0.5,0.7,57.1,2,2.6,0.1,7.1,"£3,380,000"
29,Defender,176,61,22(7),2046,1,1,1,-,0.2,83.1,0.4,-,1.7,1.2,0.4,0.2,2.2,0.9,0.2,-,0.4,0.4,0.5,0.1,0.4,0.7,31.9,0.5,1.1,-,6.55,"£1,040,000"
22,Defender,194,88,3(1),150,-,-,1,-,0.5,92.7,0.5,-,0.3,1.8,0.5,1,1.3,-,0.3,-,0.3,0.5,-,-,-,-,34.3,-,3.3,-,6.61,"£1,191,667"
25,,190,96,29(3),2613,2,2,3,1,0.6,83.6,3.1,-,1,1.7,0.6,0.6,3.8,0.2,0.4,-,0.2,0.2,0.5,0.1,0.4,0.5,45.1,-,3.2,-,6.78,
30,Defender,178,70,30(3),2777,1,1,3,-,0.6,90.1,1.4,-,1.2,1.1,0.5,0.2,1.5,0.4,0.2,-,0.7,0.5,0.4,0.1,0.4,0.8,72.4,0.1,3.5,-,6.96,"£5,200,000"
23,Defender,173,62,4(2),374,-,3,1,-,0.3,83,0.5,-,1.2,0.7,0.7,-,0.7,0.2,0.2,-,1.2,1.5,1.7,0.2,0.5,0.5,31.3,0.7,0.5,-,6.95,"£1,040,000"
31,Forward,191,91,10(13),1062,-,1,1,-,1.3,59.9,3.5,-,0.3,0.1,0.8,-,0.3,0.1,-,-,0.4,0.2,0.4,0.3,1.3,1.8,11.9,-,0.1,-,6.22,"£1,820,000"
35,Defender,186,75,13(4),1330,3,-,1,-,0.3,91.9,1.5,1,1.1,1.8,0.5,0.8,4.1,0.4,0.9,-,0.1,0.1,0.8,-,0.2,0.2,52.4,-,3.5,-,6.92,"£4,680,000"
26,,175,65,0(1),45,-,-,-,-,-,96.6,-,-,-,-,1,-,2,-,-,-,1,1,-,-,2,2,29,-,1,-,6.14,
25,Midfielder,188,76,17(2),1469,2,-,1,-,0.9,79.4,2.9,2,2.8,1.2,0.6,0.1,1.5,1.6,0.3,-,0.4,0.6,0.6,0.1,0.4,0.9,31.9,0.1,0.8,-,6.97,"£1,972,000"
33,Defender,178,73,17(3),1543,-,-,4,-,0.1,60.2,1.5,-,2,0.9,0.8,0.2,2.7,0.6,0.6,-,0.1,0.2,0.3,-,0.2,0.4,17.1,0.2,1.1,-,6.54,"£987,500"
35,Defender,170,74,5(1),376,-,-,-,-,0.3,82.2,0.3,-,1.3,0.3,0.3,-,1.2,0.3,-,-,0.7,-,0.2,0.2,0.2,0.2,31.8,1,1.2,-,6.29,"£3,640,000"
26,Forward,185,80,0(7),130,-,1,-,-,1.3,78.9,0.1,-,0.1,-,-,-,-,0.6,-,-,0.3,0.1,-,-,0.6,0.6,8.1,-,0.3,-,6.13,"£1,820,000"
32,Defender,190,88,5(3),591,1,-,2,-,0.1,75.9,1.6,-,1.5,2.1,0.6,0.3,4,0.1,0.4,-,-,-,0.3,0.1,0.3,1.1,27,-,1.9,-,6.5,"£950,000"
24,Forward,184,75,21(10),1867,10,10,1,-,1.8,84.4,0.3,1,0.8,0.3,0.3,-,0.1,0.7,0.1,-,1.3,1.8,0.5,0.6,1.4,2.3,27.3,0.5,0.1,0.1,7.26,"£4,680,000"
28,Defender,192,88,36,3153,2,1,5,1,0.6,82.8,3.3,1,1.2,1.3,0.6,0.3,5.4,0.6,1.1,-,0.3,-,0.4,-,0.1,0.4,41.4,-,4.5,-,6.72,"£2,340,000"
29,Midfielder,180,74,0(2),21,-,-,-,-,0.5,72.7,0.5,-,-,-,0.5,-,-,0.5,-,-,-,-,-,-,-,0.5,5.5,-,1,-,6.01,"£468,000"
27,Defender,178,74,33(2),2966,4,4,5,1,1,76,2.6,4,2,1.7,1.1,0.3,2.7,0.5,0.3,1,2,0.4,0.9,0.1,0.9,0.9,41.6,2.4,1.7,-,7.36,"£4,680,000"
28,Midfielder,172,72,25(7),2128,10,-,3,-,1.4,76.1,1.1,3,1.1,0.8,0.8,-,0.8,0.6,-,-,0.8,1.4,1.5,0.4,1.1,2.1,22.6,-,0.4,-,6.96,"£4,160,000"
32,Forward,180,82,4(11),469,3,-,-,-,0.6,70.6,0.2,-,0.4,0.1,0.3,-,0.2,0.1,-,-,0.5,0.3,0.2,0.2,0.5,1,9.5,0.1,0.1,-,6.32,"£4,160,000"
24,Midfielder,168,64,24(10),2381,2,2,7,1,0.7,87.4,0.6,-,1.9,1.2,1.1,0.1,0.9,0.9,0.2,-,0.5,0.4,2.3,-,0.8,0.9,46.8,0.2,1.8,-,6.72,"£3,900,000"
26,Forward,174,69,10(10),987,1,4,1,-,1.2,78.8,0.3,-,0.8,0.3,0.7,-,0.3,0.8,-,-,1.1,0.8,1,-,1.3,1.3,19.3,0.4,0.2,0.1,6.48,"£2,860,000"
29,Midfielder,186,80,38,3420,12,2,10,-,1.5,80,1.4,2,2.4,1.9,1.6,-,1.7,1.4,0.4,-,1.6,0.3,1,-,0.5,0.7,52.3,1.4,3.4,-,7.19,"£2,860,000"
35,Goalkeeper,190,83,38,3420,-,-,-,-,-,49.7,0.3,1,-,-,-,-,0.7,0.1,-,-,0.1,0.1,0.2,-,-,-,28.2,-,8.5,-,7.02,"£3,380,000"
25,Defender,185,75,29,2592,1,4,11,-,0.7,83.3,1.7,2,1.9,0.7,1.4,0.1,2.8,0.7,0.4,-,1.1,0.9,0.6,-,0.5,1,57.2,0.5,1.6,0.1,6.91,"£7,800,000"
30,Defender,187,83,27,2417,-,-,2,-,0.1,88.6,1.9,-,0.9,1.5,0.2,0.6,4.9,0.3,0.6,-,0.2,0.3,0.5,-,0.2,0.4,48.9,-,2.2,-,6.72,"£5,200,000"
28,Forward,181,75,4(8),471,1,-,-,-,1.7,67.8,0.7,1,0.5,0.3,0.8,-,0.4,0.1,-,-,0.4,0.2,0.7,0.1,0.3,0.4,10.1,0.1,0.1,-,6.25,"£4,160,000"
27,Midfielder,167,59,8(2),689,1,1,2,-,1.1,89.6,0.3,-,1.2,0.9,0.5,-,0.7,1.3,0.1,-,0.5,1.3,0.7,-,1.2,1.5,45.2,0.2,0.9,-,6.72,"£3,640,000"
30,Midfielder,175,74,18(9),1627,2,2,3,-,0.7,65.9,0.6,-,1.3,0.9,0.4,-,0.9,0.7,0.1,-,1.1,0.7,0.7,0.1,0.9,1.3,23,0.8,1.7,-,6.68,"£2,340,000"
25,Defender,188,79,1(1),85,-,-,-,-,-,82.6,-,-,2,-,0.5,-,1,0.5,-,-,-,0.5,-,-,-,-,11.5,0.5,0.5,-,6.15,"£1,196,000"
29,Defender,188,84,31,2761,2,4,6,-,1.5,85,2.1,2,2.4,1.3,0.9,0.2,2.8,0.8,0.1,-,1.1,0.5,1.2,0.1,0.9,1,60.7,0.3,1.4,-,7.18,"£5,200,000"
30,Defender,187,85,2(3),211,-,-,2,-,1.2,72.6,0.6,-,1,1.2,0.6,0.6,1.8,1,0.4,1,-,0.2,0.2,-,-,0.2,24.8,-,1.6,-,6.15,"£4,160,000"
28,Goalkeeper,194,82,7,630,-,-,1,-,-,60.7,0.3,-,-,-,-,-,1.9,-,-,-,-,-,0.1,-,-,0.1,30.1,-,9.4,-,6.45,"£1,820,000"
22,Forward,180,70,26(7),2345,10,6,3,1,2.5,78.1,0.9,3,0.7,0.1,0.8,-,0.7,0.7,-,-,1.2,1.3,1.6,0.5,1.4,2.5,20.2,0.3,0.5,-,6.95,"£1,690,000"
27,Midfielder,184,85,18(3),1616,1,1,5,-,1.2,86,1.4,-,2.3,2,1.5,-,1.4,0.9,0.1,-,0.6,1.1,1.1,-,1.5,1.2,38.6,0.1,2.1,-,6.85,"£3,380,000"
33,Midfielder,180,70,29(2),2308,5,5,6,1,0.5,85.3,0.3,-,1.5,0.7,0.7,-,0.4,1.2,0.1,-,0.7,0.5,1.2,-,1.1,0.9,48.6,0.2,4.4,0.2,6.65,"£2,600,000"
31,Midfielder,192,83,24(4),2001,10,4,3,-,2.2,74.7,0.9,2,0.3,0.1,1.1,-,0.2,0.2,0.1,-,1.3,0.7,0.4,0.8,1.1,1.7,22.9,0.2,0.4,0.1,6.84,"£5,200,000"
32,Midfielder,194,85,6(8),748,-,1,1,-,0.5,81.2,3.4,-,1.5,0.3,1.1,0.1,2.4,0.6,0.4,-,0.2,0.1,0.6,0.1,0.6,0.7,30.4,0.1,0.3,-,6.66,"£7,800,000"
31,Goalkeeper,190,80,38,3420,-,-,1,-,-,53.4,0.4,1,0.1,-,-,-,0.9,0.1,-,-,-,-,0.1,-,-,-,27.2,-,7.4,-,6.62,"£1,976,000"
30,Defender,191,77,12(1),1111,-,-,2,-,0.2,75.4,2.7,-,1.6,0.8,0.5,0.2,6.5,0.4,0.9,1,0.1,-,0.1,-,0.1,0.4,27.5,0.1,2.8,-,6.63,"£1,300,000"
29,Defender,175,73,24(1),2166,-,1,4,-,0.3,80,1,-,2.3,1.9,1.2,0.3,2.5,0.9,0.4,-,0.7,0.5,0.6,-,0.4,0.8,34.3,0.6,1.5,-,6.71,"£2,600,000"
23,Defender,184,63,4(1),407,-,-,1,-,-,76.7,2.8,-,1,0.6,0.4,1,6.2,-,0.4,-,-,0.4,1.4,0.2,0.4,0.2,50.6,-,5.2,-,6.61,"£1,300,000"
28,Forward,180,71,3(10),313,1,1,1,-,0.5,64.4,0.4,-,0.2,0.1,0.5,-,0.5,0.2,0.1,-,0.2,0.2,0.1,0.2,0.6,1.4,5.6,-,0.1,-,6.17,"£1,820,000"
26,Midfielder,178,78,21(11),1745,-,2,3,-,0.9,92,0.3,-,1.4,0.3,0.6,-,0.6,0.8,0.1,-,0.8,1.3,1,-,1.2,0.8,45.9,-,0.9,0.2,6.65,"£3,900,000"
28,Goalkeeper,184,82,34,3060,-,-,2,-,-,50.1,0.3,-,-,-,-,-,0.6,-,-,-,-,-,0.1,-,-,-,27.2,-,9.7,-,6.41,"£1,820,000"
28,Defender,182,80,35(3),3147,4,5,5,-,1.2,71.6,3.8,2,1.8,1.6,0.8,0.1,2.2,0.6,0.2,1,1,0.5,0.6,0.1,0.6,1.2,36.8,0.4,1.4,0.1,7.12,"£520,000"
31,Midfielder,172,76,35(1),2940,2,8,9,-,1.1,73.1,1,1,1.9,1.4,1.5,0.1,1.7,0.8,0.3,-,1.7,0.4,1.1,-,0.5,1.3,30.5,1.9,1.6,-,6.95,"£2,340,000"
25,Defender,183,70,13(3),1187,1,3,2,-,0.7,69.9,1.1,-,1.7,1.7,0.4,0.3,1.9,0.9,0.2,-,1.4,0.1,0.6,0.1,0.4,0.4,27.6,1.4,1.4,0.1,6.89,"£1,820,000"
30,Defender,182,70,5(1),444,-,-,-,-,0.2,85.1,0.5,-,2.3,1.2,0.5,0.3,3.2,1.2,-,-,0.3,0.2,0.7,0.2,0.3,0.5,29.2,0.2,1.3,-,6.59,"£2,340,000"
21,Midfielder,185,68,23(10),2144,-,-,9,-,0.5,87.7,0.5,-,1.3,0.9,0.7,0.1,0.7,0.9,0.2,-,0.5,0.7,1.9,-,0.9,0.9,48.4,-,2.4,0.2,6.55,"£2,080,000"
31,Defender,180,78,19(2),1748,-,-,7,-,0.2,69,1.2,-,2.7,1.4,1,0.1,3.4,1.3,0.3,-,0.4,0.6,0.6,-,0.5,0.3,30.4,0.3,3.4,-,6.64,"£1,300,000"
25,Midfielder,173,67,15(14),1415,1,2,3,-,1.3,83.9,0.1,-,1.1,0.5,0.3,-,0.6,0.3,-,-,0.8,0.4,0.6,-,0.7,1,22.9,0.1,0.6,-,6.49,"£6,500,000"
31,Defender,185,78,25(1),2252,-,1,5,-,0.2,83.3,2.2,-,2.2,2.1,1.1,0.6,4.7,0.9,0.6,-,0.3,0.4,0.3,0.1,0.2,0.4,53.3,0.2,3.5,-,6.72,"£1,300,000"
32,Defender,189,78,17,1520,-,1,-,-,0.8,75.7,2.1,-,0.9,2.5,0.2,0.6,5.9,0.5,1.2,-,0.3,0.1,0.4,0.1,-,0.4,32.7,-,2.4,-,6.85,"£2,600,000"
32,Midfielder,180,76,20(4),1742,5,2,2,-,0.5,88.6,0.2,2,0.5,0.2,0.4,-,0.2,0.8,0.1,-,1.9,0.9,0.9,0.4,1.4,2,46.6,0.8,1.2,0.1,6.78,"£13,975,000"
27,Defender,191,82,33,2970,1,2,2,-,0.9,80.8,5.8,2,1.2,1.3,0.7,0.8,5.5,0.4,0.7,-,0.3,0.2,0.2,-,0.1,0.3,48.3,-,3.1,-,7.13,"£3,120,000"
30,Midfielder,180,82,22(11),2101,6,4,3,-,2,68.1,2.4,2,0.7,0.5,1,0.1,0.6,0.2,0.1,-,0.7,1.8,1.3,0.3,2.1,2.5,20.2,0.2,0.8,0.1,6.92,"£3,640,000"
36,Goalkeeper,183,84,2,180,-,-,-,-,-,77.3,0.5,1,-,-,-,-,1,-,-,-,-,-,-,-,-,0.5,22,-,2.5,-,6.85,"£2,080,000"
35,Defender,188,82,2(1),185,-,-,-,-,-,79.7,1.7,-,1.3,1,1,1.7,3.3,0.7,0.3,-,-,0.3,0.3,-,-,0.3,19.7,-,1.7,-,6.12,"£1,300,000"
33,Midfielder,184,86,24(5),2166,-,-,3,-,0.7,77.2,1.2,-,2.7,1,1.2,-,1.2,1.3,0.3,-,0.1,0.6,0.7,-,1.3,1.1,25.3,-,1.3,-,6.57,"£2,340,000"
28,Midfielder,180,70,5(3),381,-,-,-,-,0.9,90.6,0.3,-,1.6,0.3,0.1,-,1,0.1,0.5,-,0.6,0.1,-,0.1,0.4,0.8,34.8,0.1,1.9,-,6.44,"£2,600,000"
26,Forward,178,70,8(8),791,-,-,-,-,1.3,73.4,0.6,-,1,0.4,0.6,-,0.3,0.8,0.1,-,0.9,0.7,0.8,0.1,0.5,0.9,13.9,0.8,0.5,0.1,6.51,"£3,120,000"
28,Forward,175,71,37(1),3262,22,8,1,-,3.6,75.9,0.3,8,0.6,0.1,0.7,-,0.1,0.3,-,-,1.8,2.1,0.8,0.7,3.1,2.9,28.4,0.4,0.6,0.3,7.57,"£10,400,000"
20,Midfielder,171,0,5(21),651,-,1,1,-,0.3,83.9,0.5,-,0.2,-,0.3,-,-,0.1,-,-,0.4,0.5,0.2,0.1,0.6,0.9,12.2,0.2,0.8,0.1,6.2,"£78,000"
30,Midfielder,181,75,10(4),835,-,1,2,-,0.2,88.6,1.4,1,1.7,1.1,1.5,-,1.1,0.6,0.2,-,0.6,0.1,0.5,-,0.5,0.9,38.9,0.1,1.9,0.1,6.71,"£5,200,000"
31,Midfielder,187,83,27(2),2337,-,3,2,-,0.5,86.7,0.8,-,1.2,0.6,0.8,-,0.7,0.5,0.1,-,0.9,1.2,0.7,0.1,1,1.4,46.5,0.1,1.4,-,6.75,"£4,160,000"
29,Midfielder,168,68,36,3096,4,4,3,-,0.8,87.9,0.8,1,2.1,1.2,1,-,0.7,1.2,0.2,-,1.3,0.9,0.4,0.2,1.5,1.6,56.2,0.2,1,0.1,6.93,"£7,500,000"
25,Midfielder,172,64,16(9),1394,2,1,-,-,1.1,88.5,0.4,-,1.5,0.5,1,-,0.5,1.1,0.2,-,0.4,1,0.6,-,1.2,1.4,40.2,-,0.6,0.1,6.74,"£6,240,000"
34,Defender,179,72,21(1),1861,1,3,5,-,0.3,87.6,1.6,-,1.6,1.4,0.8,0.5,2.5,0.5,0.5,-,0.5,0.3,1,-,0.1,0.5,53.1,0.2,1.4,-,6.97,"£3,380,000"
28,Midfielder,167,73,23(8),2089,-,-,5,-,0.1,88.8,0.3,-,1.1,0.8,0.7,-,0.7,0.5,0.3,-,0.2,0.5,1.2,-,0.5,1,35.2,0.1,1.6,-,6.37,"£2,600,000"
25,Defender,180,75,38,3412,4,-,3,-,0.7,86,2.3,1,1.7,0.8,0.7,0.8,6.1,0.3,0.9,-,0.2,0.1,0.6,0.1,0.2,0.5,44.6,0.1,1.9,-,6.86,"£2,080,000"
26,Forward,173,69,36(2),3278,6,4,3,-,1.9,75.4,0.7,3,1.2,0.5,0.8,-,0.6,0.7,0.1,-,1.4,2.4,0.7,0.4,2.1,2.2,29.6,0.6,1.3,-,6.91,"£3,120,000"
25,Midfielder,187,80,3(6),267,-,-,2,-,0.2,75,0.4,-,0.3,0.6,0.6,-,0.8,0.6,0.1,-,0.1,-,0.3,-,0.3,0.9,12.4,0.1,0.4,-,6.07,"£1,820,000"
29,,175,67,13(1),1146,-,1,2,-,0.1,75.2,0.4,-,2.4,1.1,0.6,0.1,1.9,0.9,0.2,-,0.3,0.3,0.2,-,0.7,0.6,32.8,0.3,1.1,0.1,6.43,
29,Defender,175,67,1(3),108,-,-,-,-,0.8,83.1,0.3,-,1,0.5,-,-,0.3,0.5,-,-,-,-,0.5,-,0.3,0.3,14.8,-,0.3,-,6.29,"£3,640,000"
28,Forward,180,77,11(9),987,4,1,-,-,1,62,1.2,-,1.7,0.7,0.4,-,0.7,0.7,0.1,-,1,1.5,0.2,0.2,1,1.3,12.8,0.5,0.3,0.1,6.88,"£961,667"
28,Midfielder,170,65,0(7),104,-,-,-,-,0.1,82.8,0.6,-,0.4,-,-,-,0.4,-,-,-,-,0.6,0.1,-,0.4,0.9,4.1,0.1,-,-,6.13,"£700,000"
30,Goalkeeper,188,90,38,3420,-,-,2,-,-,32.3,0.2,3,-,0.2,-,-,0.8,-,-,-,0.1,-,0.1,-,-,-,30.1,-,9.1,-,6.72,"£1,015,000"
32,Midfielder,194,85,28,2441,1,-,6,1,0.4,86.9,2,-,1.8,1.1,1,-,1.9,1,0.6,-,0.5,0.6,0.7,-,1.4,0.9,65.6,0.1,3.9,-,6.76,"£6,240,000"
32,Defender,183,81,14(4),1234,-,-,1,-,0.8,92.7,2.2,-,1.4,1.6,0.4,0.6,3.1,0.2,0.2,-,0.1,0.1,0.2,-,-,0.1,69,-,2.6,-,6.98,£0
23,Midfielder,175,64,14,1153,-,3,1,-,0.5,91.5,1.7,-,2.4,1.4,1.1,-,1.1,1.4,0.2,-,0.9,0.4,0.4,0.1,0.4,0.5,84.6,0.5,2.6,-,7.19,"£1,040,000"
34,Forward,192,93,7(20),834,2,4,1,-,1.2,68.2,1.4,-,0.1,0.1,0.4,-,0.2,0.1,-,-,0.7,0.1,0.2,0.2,0.2,0.8,9.7,-,0.2,-,6.43,"£4,680,000"
23,Midfielder,183,74,37(1),3299,2,-,8,-,1.4,79.9,3.4,3,3.8,2.2,1.2,0.1,2.1,1.3,0.2,-,0.6,0.9,0.6,0.1,0.9,1.5,52.2,-,2.4,0.1,7.21,"£3,900,000"
29,Midfielder,183,83,25(6),2142,1,-,11,-,0.3,79.3,1.5,1,2.6,1.7,1.5,0.1,1.2,1.5,0.5,-,0.3,0.5,0.5,-,0.5,0.6,35.5,-,1.8,-,6.76,"£3,380,000"
30,,182,75,12(1),940,-,-,-,-,1.3,64.7,2.9,-,0.9,0.2,0.6,-,0.5,0.3,-,-,0.4,1.5,1.3,0.7,2.9,4.4,12.8,-,0.2,-,6.43,
30,Forward,182,75,0(5),58,-,-,-,-,0.6,59.1,0.6,-,-,-,0.6,-,-,0.2,-,-,0.2,0.2,0.2,0.2,1.2,0.6,4.4,-,-,-,6.06,"£2,860,000"
35,Defender,176,74,23(3),2092,-,1,4,-,0.3,76.7,1.8,-,1.8,1.8,0.7,0.3,3.3,1,0.6,-,0.3,0.5,1.2,-,0.5,0.7,33.1,0.3,1.4,-,6.74,"£3,900,000"
30,Defender,178,69,0(1),1,-,-,-,-,-,100,-,-,-,1,-,-,-,-,-,-,-,-,1,-,-,-,3,-,1,-,6.0,"£1,560,000"
29,Midfielder,181,78,24(1),1878,3,3,1,-,1,75.6,0.7,1,1.1,0.5,0.4,-,0.9,1,0.3,-,2.2,0.2,0.5,0.2,0.8,1.4,32.4,1.8,2.1,-,6.68,"£2,600,000"
30,Defender,176,74,36,3198,3,2,3,-,1.3,79.8,0.3,-,1.3,1.1,0.3,0.2,2.3,0.4,0.3,-,1,0.6,0.4,0.3,0.4,1,44.7,0.3,1.9,0.1,6.71,"£2,860,000"
29,Defender,183,82,21(5),1987,-,-,1,-,0.3,71.1,2.3,-,1.3,1.4,0.4,0.4,4.7,0.5,0.4,-,0.2,0.1,0.4,-,-,0.4,29.2,0.3,2,-,6.74,"£1,820,000"
27,Midfielder,191,84,34(1),3012,13,9,6,-,3,82.8,1.7,7,1.3,0.5,1.5,-,1,0.7,0.3,-,1.6,1.7,2,0.1,2.5,2.1,59.1,0.1,4.7,0.2,7.31,"£15,080,000"
28,Goalkeeper,196,90,3,270,-,-,-,-,-,64.2,-,-,-,-,-,-,1,-,-,-,-,-,-,-,-,0.3,31.7,-,6,-,7.14,"£1,040,000"
28,Midfielder,185,75,12(12),1121,-,1,-,-,0.6,80,0.7,-,1.7,0.5,0.5,0.1,0.6,1,0.4,-,0.3,0.3,0.5,0.1,0.2,0.5,22.3,0.1,2,-,6.44,"£2,860,000"
33,Midfielder,169,65,21(10),1781,8,2,2,-,1.8,86.5,0.3,5,0.9,0.6,0.5,-,0.3,0.8,0.1,-,0.9,1.4,0.8,0.3,1.1,1,34.4,0.3,1.2,0.1,6.97,"£3,000,000"
39,,201,75,0(6),86,-,-,1,-,0.8,39.3,3,-,0.2,-,0.5,-,0.3,-,-,-,-,-,-,-,-,0.5,4.7,-,-,-,6.25,
38,Goalkeeper,196,90,7,588,-,-,-,-,-,68.3,0.3,1,0.1,-,-,-,1,-,-,-,-,-,0.3,-,-,-,32,-,5.4,-,7.05,"£5,720,000"
35,Defender,180,74,19,1672,-,-,9,-,0.6,69,1.7,-,1.7,1.6,1.2,0.1,3.5,0.5,0.6,1,0.4,0.2,0.6,-,0.3,0.5,29.2,0.5,1.9,-,6.66,"£1,300,000"
20,Midfielder,171,70,3(10),330,1,-,-,-,1.1,86.6,0.2,-,0.5,0.3,0.3,-,0.1,0.5,-,-,0.6,0.6,0.4,-,0.4,0.3,17.8,0.1,0.2,-,6.52,"£624,000"
38,Defender,180,87,4(3),330,1,-,-,1,0.1,74.5,2,-,1,0.3,0.3,0.6,1.9,0.4,-,-,0.3,-,0.4,-,-,0.3,27.4,-,1.6,-,6.48,"£2,600,000"
28,Defender,180,71,15(3),1264,-,1,1,-,0.3,92.6,2.6,-,1.1,1.3,0.4,0.6,3.4,0.3,0.6,-,0.2,0.2,0.6,-,0.1,0.5,41.9,-,2.2,-,6.81,"£3,900,000"
24,Midfielder,193,83,25(2),2192,2,-,7,-,1.6,78.6,3.3,3,2.7,2,1.4,0.2,1.5,0.9,0.6,-,0.8,0.7,1.1,0.1,1,2,39.8,0.3,2.9,-,7.08,"£780,000"
31,Forward,187,80,30(6),2733,22,5,-,-,2.6,74,0.9,4,0.6,0.2,0.4,-,0.5,0.6,-,-,0.9,0.8,0.6,0.6,0.9,1.7,19.2,0.3,0.3,-,7.1,"£8,190,000"
25,Midfielder,185,84,31,2764,4,3,7,2,1.7,82.9,1.5,2,2.3,1.9,1.5,0.1,0.9,1.6,0.3,-,0.9,0.7,1.5,-,1.5,1.8,57.8,0.3,3.5,0.1,6.87,"£2,600,000"
25,Forward,170,69,31(3),2777,17,10,3,-,2.3,85.8,0.4,8,0.9,0.5,1.2,-,0.1,0.5,0.1,-,1.9,2.4,1.3,0.4,2.6,2.2,37.1,0.4,0.3,-,7.61,"£7,800,000"
29,Midfielder,181,72,5,407,-,-,-,-,1,85.7,0.2,-,1.6,0.8,0.8,-,0.2,1,-,-,0.8,1.4,2.8,-,4.2,2.2,21,-,1.2,0.2,6.32,"£936,000"
23,Forward,183,75,0(4),76,-,-,-,-,-,86,0.8,-,0.3,0.3,-,-,-,-,-,-,0.8,0.5,0.3,-,1.3,1,10.8,0.3,-,-,6.18,"£1,404,000"
29,Forward,190,76,36(2),3125,13,7,4,-,2.9,72.8,2.1,4,0.8,0.7,1.1,-,1,0.4,0.1,-,1.1,0.9,1,0.9,1.8,2.5,27.9,0.2,0.9,0.1,7.07,"£2,132,000"
27,Defender,175,70,35,3125,2,6,7,-,0.7,78,1.9,4,3.4,1.7,1.2,0.2,3,1.7,0.2,-,0.9,1.9,1.4,0.1,1,1.5,43.8,0.4,1.2,-,7.34,"£3,640,000"
28,Midfielder,182,70,8(11),739,1,-,3,-,1,79.4,0.5,-,0.7,0.4,0.7,-,0.2,0.8,0.1,-,0.8,1,0.4,-,1.1,1.2,22.2,0.8,1,0.1,6.43,"£2,340,000"
23,Forward,184,83,32(3),2679,13,1,5,1,2.4,68.5,2,3,1.4,0.5,0.9,-,1.1,0.5,0.1,-,0.6,1.1,2.1,0.5,2.6,3.2,22.7,0.1,0.6,-,6.89,"£4,680,000"
29,Forward,179,67,14(13),1338,7,4,-,-,2,84.7,0.7,3,0.5,0.3,0.4,-,0.1,0.4,-,-,0.9,0.9,0.6,0.3,1,1,29.5,0.6,1.4,0.2,6.96,"£6,240,000"
25,Defender,189,75,9(1),807,-,-,1,-,0.2,87.5,2.1,1,1.1,1.2,0.6,0.3,3.7,0.6,0.7,-,0.2,0.3,0.2,-,0.2,0.4,61.4,-,3.4,-,6.74,"£1,300,000"
28,Midfielder,176,71,6(10),718,-,1,3,1,0.8,62.3,0.7,-,0.9,0.4,0.8,-,0.9,0.7,0.1,-,0.9,0.4,0.3,-,0.6,0.8,13.9,0.7,0.6,0.1,6.25,"£1,820,000"
33,Midfielder,182,82,25(8),2224,2,5,10,-,0.9,82.1,0.8,3,1.3,0.3,1.1,0.1,0.5,1,0.1,-,1.8,1,1.5,0.1,1.3,1.8,29.4,1.8,0.8,0.1,6.78,"£2,080,000"
29,Forward,181,76,31(3),2620,12,6,-,-,2.2,80.8,0.9,4,0.9,0.2,1.1,-,0.4,0.8,-,-,1.3,1.4,0.3,0.2,1.8,2.3,37.6,0.1,0.5,0.1,7.2,"£9,360,000"
29,Midfielder,182,77,33,2825,6,1,3,-,1.7,83.2,0.1,1,0.6,0.7,0.8,-,0.6,0.5,-,-,1.1,1.2,1.1,0.1,2,2.5,34,0.2,1.4,-,6.66,"£2,340,000"
30,Midfielder,190,80,12(7),1145,2,-,7,-,0.6,77.1,3.2,2,2.1,1.4,1.4,0.1,3.1,0.9,0.6,-,0.2,0.3,0.4,-,0.1,0.1,38.8,0.1,3.2,-,6.93,"£1,144,000"
27,Forward,190,94,22(10),2130,12,-,4,-,1.7,66.3,2.9,2,0.3,0.1,0.6,-,0.6,0.3,-,-,0.7,0.7,0.1,0.7,1.4,1.6,16.7,0.2,0.4,0.1,6.84,"£9,360,000"
26,Midfielder,189,76,13(14),1243,3,5,1,-,1.5,91.2,0.7,1,0.6,0.3,0.5,-,0.5,0.4,-,-,0.8,0.6,1,-,1.2,0.7,35.3,-,1.5,0.1,6.65,"£4,766,667"
24,Midfielder,191,88,6(18),985,6,2,-,-,1.2,87.9,0.9,1,0.8,0.5,0.4,-,0.2,0.4,0.2,-,0.7,1.7,1,0.1,1,1,25.4,-,0.5,-,6.85,"£1,820,000"
23,Midfielder,180,72,34(1),3009,4,3,8,-,2.1,81.2,0.9,-,2.1,2.1,1.1,-,1.3,1.6,0.5,-,0.7,0.3,0.5,-,0.8,0.8,55.4,0.1,6.1,-,6.86,"£2,600,000"
21,Defender,174,64,7(10),706,-,-,1,-,0.2,77.3,0.5,-,0.8,0.8,0.7,0.1,0.8,0.2,0.1,-,0.4,0.8,0.5,0.1,0.7,1.1,16.8,0.4,0.5,-,6.41,"£1,560,000"
32,Goalkeeper,190,84,37,3330,-,-,-,-,-,53.6,0.2,-,0.1,-,-,-,0.4,-,-,-,-,-,-,-,-,-,20.5,-,6.9,-,6.45,"£5,200,000"
30,Defender,188,70,34,3060,1,-,12,-,0.4,79.6,3.6,-,1.7,1.3,1.1,0.2,3.6,0.5,0.6,-,0.3,0.1,0.3,-,-,0.1,39.6,-,2,-,6.77,"£1,040,000"
31,Defender,179,85,24,2160,1,-,8,-,0.7,75.5,1.6,-,1.9,1.2,1.1,0.1,1.8,0.6,0.2,-,1,0.3,0.9,-,0.3,1.3,32.3,0.9,0.8,0.1,6.61,"£3,640,000"
28,Midfielder,181,74,12(3),1086,1,-,5,-,0.3,70.9,1.3,1,2.5,0.9,0.6,0.3,2.6,0.7,0.3,-,0.2,0.8,0.7,0.1,0.1,0.6,29.1,0.3,0.9,-,6.76,"£2,080,000"
20,Midfielder,178,70,26(9),2298,2,6,-,-,0.8,73.4,0.5,-,0.6,0.5,0.6,0.2,1.1,0.5,0.1,-,0.9,0.9,0.6,0.4,1.5,1.9,19.6,0.4,0.4,0.1,6.42,"£416,000"
28,Forward,175,69,35(1),3086,22,1,2,-,2.4,78.2,1,6,1,0.4,0.9,0.1,0.2,0.8,0.1,-,1.3,1.4,1.8,0.7,1.3,2.9,32.9,0.2,1.3,0.1,7.43,"£5,200,000"
25,Forward,194,75,0(4),32,-,-,-,-,-,16.7,0.8,-,-,-,1,-,0.3,-,-,-,-,-,0.3,-,0.5,0.3,1.5,-,-,-,6.02,"£2,080,000"
30,Forward,186,90,10(10),916,3,-,-,-,1.1,50.7,6.3,-,0.2,-,0.7,-,0.9,-,0.1,-,0.4,0.2,0.5,0.4,0.7,1.4,13.4,-,0.1,-,6.63,"£884,000"
33,Defender,188,76,7(3),661,-,1,1,-,0.6,72.7,2.6,-,0.6,0.5,0.4,0.3,4.4,0.4,1.2,-,0.2,0.3,-,-,0.1,0.1,26.4,-,1.4,-,6.74,"£3,120,000"
23,Midfielder,193,88,9(7),863,2,-,1,-,0.9,83.3,2.1,1,0.6,0.9,0.7,-,1,0.4,0.3,-,0.1,0.1,1,0.1,0.4,0.9,28.1,-,1.1,-,6.48,"£520,000"
27,Defender,183,85,22(2),1891,-,5,5,-,0.4,77.7,0.8,-,1.4,0.8,0.9,-,1,0.6,0.1,-,1.3,0.5,0.4,0.4,0.7,1.3,40.5,0.5,0.8,-,6.61,"£5,200,000"
32,Defender,177,67,29,2560,2,2,1,-,0.5,78.1,1.6,-,1.5,0.9,0.8,0.2,2.6,0.4,0.2,1,0.8,0.7,0.7,0.1,0.8,1.5,41.2,0.6,1.4,-,6.88,"£3,640,000"
22,Midfielder,180,65,8(1),688,1,-,2,-,0.9,80.9,1,-,1.9,1.1,0.8,-,0.8,1.7,0.4,-,0.6,0.6,0.9,-,0.7,0.4,32.6,0.2,3.3,-,6.86,"£36,000"
29,Defender,193,89,34,3040,1,3,6,-,1,62.8,6.6,1,1,1.5,0.9,0.3,5.9,0.4,0.9,-,0.6,0.2,0.6,0.3,0.3,0.4,21.7,-,1.1,-,6.96,"£1,300,000"
33,Defender,194,92,0(1),14,-,-,-,-,-,100,-,-,-,-,1,-,-,-,-,-,-,-,-,-,-,-,3,-,-,-,6.02,"£2,340,000"
27,Defender,176,76,6(2),564,-,2,1,-,0.5,75.5,1.5,-,2.5,0.9,2.1,0.5,2.1,0.9,0.3,-,0.8,1,0.3,0.1,0.9,1.5,33.6,0.9,0.6,-,6.85,"£3,640,000"
32,Forward,173,70,31(2),2480,21,8,3,-,3.6,85,0.5,5,0.5,0.3,0.6,-,0.1,0.1,-,-,1,1.4,0.8,0.8,1.6,2.2,23.4,-,0.1,0.1,7.53,"£11,440,000"
27,Goalkeeper,195,90,29,2610,-,-,1,-,-,53.8,0.5,2,-,-,-,-,1.2,-,-,-,0.1,-,0.2,-,-,-,27.4,-,9.2,-,6.57,"£2,340,000"
28,Defender,193,76,35,3088,5,1,4,1,1.1,75.2,5.3,6,1,1,0.6,0.1,6.9,0.3,1.3,-,0.2,0.1,0.3,0.1,0.1,0.5,37.3,-,3.1,-,7.11,"£2,080,000"
33,Forward,178,81,12(14),1271,5,1,3,-,1.2,64.6,2.8,1,0.6,0.3,1,-,0.7,0.5,-,-,0.5,0.2,0.9,0.5,0.8,2,11.7,-,-,-,6.5,"£3,210,000"
34,Forward,174,70,1(20),271,-,1,-,-,0.2,74.5,0.4,-,0.2,0.1,0.3,-,-,-,-,-,-,0.1,0.2,0.1,0.3,0.9,4.5,-,0.1,-,6.1,"£1,820,000"
28,Defender,184,82,31,2617,2,-,9,-,0.6,81.9,4,2,2,1.9,1.4,0.7,5.2,0.3,0.5,-,0.2,0.3,0.3,0.1,0.2,0.4,56.9,-,3.2,0.1,7.05,"£4,680,000"
32,Defender,186,85,25,2199,1,2,12,-,0.4,89.4,2.2,-,1.7,1,1.5,0.7,4.3,0.5,0.7,-,0.2,0.2,1,-,0.2,0.3,55.5,-,4.1,-,6.82,"£4,784,000"
35,Defender,190,90,28,2477,4,1,7,-,0.8,69.1,3.4,3,2.6,2.9,1.3,0.2,6.3,0.9,1.1,-,0.1,0.5,0.4,0.1,0.4,0.7,19.6,-,1.6,-,7.15,"£728,000"
26,Midfielder,180,88,30(5),2475,1,5,1,-,1.2,70.6,0.5,-,1.6,0.8,0.8,-,0.7,0.7,0.1,-,1.2,1.4,0.9,0.2,1.2,1.3,21.6,1.3,0.9,-,6.79,"£1,560,000"
29,Midfielder,182,78,4(8),412,-,-,4,-,0.1,79.7,0.3,-,0.9,0.2,0.5,-,0.4,0.3,-,-,0.1,0.2,0.2,-,0.2,0.6,20.9,0.1,1,-,6.03,"£520,000"
31,Forward,186,82,0(2),22,-,-,1,-,1,71.4,0.5,-,-,-,0.5,-,-,-,-,-,1,0.5,0.5,-,0.5,0.5,7,-,-,-,5.97,"£1,820,000"
36,Defender,182,72,10(4),941,-,-,3,-,0.1,78.5,1.6,-,1.1,0.6,0.8,0.5,1.6,0.5,0.3,-,0.2,0.3,0.7,0.1,0.9,0.9,34.3,0.1,1,-,6.27,"£3,900,000"
35,Defender,184,82,3,230,-,-,1,-,0.3,74.3,1.3,-,1.3,1.3,0.7,0.3,4,1,0.3,-,0.3,0.7,1,-,-,-,37.7,-,0.7,-,6.65,"£1,456,000"
29,Defender,185,82,31,2787,1,1,3,-,0.7,79.3,4.1,1,1.2,1.6,0.6,0.7,6.4,0.2,0.7,1,0.4,0.2,0.9,-,-,0.2,48.4,0.1,3.4,-,6.96,"£2,340,000"
26,Forward,190,83,19(12),1778,2,3,1,1,2,64.5,6.8,2,0.3,0.2,1,-,0.5,0.3,-,-,0.6,0.4,0.5,0.5,1.2,2,18,-,0.1,-,6.69,"£1,820,000"
35,Midfielder,173,70,1(2),97,-,1,-,-,-,94.1,0.3,-,0.7,0.3,0.7,-,1.7,-,-,-,1,-,-,-,-,0.3,22.7,0.3,1.3,0.3,6.45,"£3,120,000"
32,Midfielder,173,65,6,452,-,-,-,-,-,81.5,-,-,1.3,1.3,0.2,-,1,1.8,0.5,-,0.3,0.2,0.3,-,0.2,0.2,41.5,-,4.2,-,6.19,"£2,340,000"
28,Midfielder,183,75,16(13),1433,3,2,2,-,1.1,78.6,0.6,-,1,0.4,0.7,-,0.4,1.2,-,-,1,0.7,0.7,0.1,0.9,1.4,21.1,0.1,0.7,-,6.5,"£2,600,000"
26,Defender,188,70,32,2722,1,1,4,-,0.4,78,1.7,-,2.3,2,0.6,0.4,3,0.6,0.5,1,0.3,0.3,0.8,0.1,0.1,0.5,35.9,0.1,2.2,-,6.58,"£1,820,000"
31,Forward,176,68,24(13),2124,5,2,1,-,1.2,72.6,0.4,-,0.7,0.6,0.3,-,0.2,0.4,-,-,0.6,0.8,0.7,0.5,1,2.1,15.6,0.3,0.2,-,6.51,"£4,550,000"
33,Defender,186,80,25(1),2051,-,-,1,-,-,87.9,1.8,-,0.9,1,0.5,0.6,3,0.5,0.4,-,0.1,0.2,0.3,-,0.2,0.2,40.5,-,1.4,-,6.3,"£1,404,000"
22,,190,78,10(2),795,-,-,3,-,0.3,81.5,0.6,-,1.5,1,0.6,0.2,2.1,0.4,0.4,1,0.5,0.7,0.1,-,0.3,0.4,33.8,0.3,1.6,0.1,6.33,
29,Midfielder,186,84,24(7),2200,1,1,-,-,0.8,90.2,0.3,-,1.2,0.3,0.3,-,0.4,0.1,0.2,-,1.3,1.4,1.3,-,1.6,1.1,44.3,0.2,1.9,0.1,6.6,"£2,080,000"
31,Midfielder,175,67,4(9),472,1,-,2,-,0.3,78.7,0.3,-,1.3,0.4,0.6,-,0.8,1.2,-,-,0.1,0.1,0.3,0.1,0.3,0.4,17,0.1,0.9,-,6.35,"£2,600,000"
22,Midfielder,180,70,10(6),976,-,-,3,-,0.4,80,0.5,-,1.7,1,1.3,-,0.6,1,0.1,-,0.3,0.8,1.1,0.1,0.5,1.7,31.6,-,1.9,0.1,6.4,"£1,300,000"
34,Goalkeeper,188,85,19,1710,-,-,3,-,0.1,46.2,0.2,-,-,-,0.1,-,0.7,0.1,-,-,0.1,0.1,0.1,-,-,-,28.5,-,9.9,-,6.61,"£2,200,000"
28,Defender,186,75,13(2),1142,-,-,2,1,0.2,74.8,0.9,-,1.7,1.2,0.7,0.1,1.7,1,0.3,-,0.5,0.2,0.4,-,0.2,0.3,32.5,0.3,2.1,-,6.24,"£1,040,000"
22,Defender,175,69,27(2),2467,1,12,3,-,1,77.5,0.3,1,2.1,1.2,0.5,0.3,2.1,1.1,0.1,-,1.7,0.5,0.2,0.1,0.5,1.4,58.5,2,4,0.1,7.36,"£624,000"
32,Forward,183,90,28(4),2548,9,5,4,1,2,60.7,6.5,4,0.8,0.2,1.3,-,0.9,0.8,0.1,-,1.3,0.2,1.1,0.4,1.1,1.9,25.8,0.1,0.4,0.1,7.11,"£3,380,000"
33,Goalkeeper,190,81,20,1755,-,-,2,-,-,42.5,0.4,2,-,-,0.1,-,1,-,-,-,-,-,0.3,-,-,-,25,-,6.3,-,6.74,"£3,120,000"
32,Midfielder,190,80,3(5),226,-,-,-,-,0.3,86.4,1,-,0.4,1,0.8,-,0.4,0.9,-,-,0.1,-,0.1,-,0.5,-,18.4,-,2.1,0.1,6.2,"£2,860,000"
26,Midfielder,183,76,31(1),2579,5,4,6,-,1.3,75.1,0.6,-,0.9,1,0.7,-,0.8,0.8,0.1,-,1.6,1.1,0.9,-,1.5,1.9,27.7,1.3,1.4,-,6.72,"£840,000"
26,Defender,187,80,29(1),2602,1,1,1,-,0.3,89.2,2.3,-,1.3,0.8,0.6,0.7,3.9,0.3,0.4,1,0.2,0.3,0.5,-,0.1,0.4,49.7,-,2.1,-,6.68,"£6,240,000"
29,Defender,177,79,0(2),26,-,-,-,-,-,76.9,-,-,-,-,0.5,-,-,-,-,-,0.5,-,0.5,-,1,0.5,6.5,-,-,-,5.96,"£3,900,000"
29,Midfielder,188,80,4(9),513,1,-,2,-,0.5,81,1.1,-,1,0.5,0.8,-,0.7,0.5,0.2,-,0.2,0.5,0.5,-,0.3,0.6,25.1,0.1,0.1,-,6.53,"£3,380,000"
26,Forward,180,79,0(3),36,-,-,-,-,1,77.8,1,-,0.7,-,0.7,-,0.3,-,-,-,-,0.3,-,0.3,0.3,-,3,-,-,-,6.3,"£1,768,000"
34,Defender,193,85,13(4),1223,1,-,6,-,0.3,93,2.2,-,0.9,0.9,1,0.6,3.2,0.1,0.5,-,0.1,0.2,-,0.1,-,0.3,72.2,-,3.7,-,6.93,"£7,800,000"
29,Defender,193,92,38,3385,4,2,1,-,0.8,89.7,4.8,4,1,1.1,0.3,1.1,5.2,-,0.5,-,0.2,0.2,0.6,-,-,0.2,79.9,-,5.3,-,7.44,"£8,580,000"
33,Goalkeeper,198,90,17(1),1576,-,-,-,-,-,46.7,0.6,1,-,-,-,-,0.9,0.1,-,-,-,-,0.1,-,-,0.1,25,-,6.5,-,6.56,"£2,080,000"
36,Defender,186,101,21(1),1926,3,-,1,2,0.6,80.8,4.2,1,1.2,1.5,0.8,0.7,4.7,-,0.5,-,0.1,0.1,0.3,0.1,-,0.6,40.5,-,1.6,-,6.87,"£3,120,000"
26,Defender,188,77,13,1170,-,-,2,-,0.5,78.6,2.5,-,2.2,1.8,1.2,0.7,5.8,0.7,1,2,0.1,0.5,1.2,-,0.4,0.2,47.8,-,4.4,-,6.77,"£3,120,000"
27,Forward,180,66,34,3041,10,5,8,1,2.1,77.3,0.3,6,1.1,0.3,1.3,-,-,0.6,-,-,1.6,3.4,3,0.5,4.2,3.6,29.6,0.3,0.7,0.1,7.21,"£6,760,000"
25,Midfielder,185,74,31(1),2436,2,4,5,-,1,76.4,0.7,-,2.3,0.8,1.7,-,0.7,1.1,0.2,-,0.9,0.8,2.2,-,1.6,1.8,30,0.1,0.5,-,6.72,"£1,560,000"
27,Goalkeeper,195,74,0(1),1,-,-,-,-,-,-,-,-,-,-,-,-,-,-,-,-,-,-,-,-,-,-,-,-,-,-,6.0,"£156,000"
32,Midfielder,175,77,26(6),2109,3,6,2,-,1.9,85.7,0.3,2,1.1,0.4,0.4,-,0.3,0.5,-,-,2.5,1.2,1,0.3,1.2,1.6,38.4,1.2,1.2,0.1,7.06,"£6,240,000"
29,Defender,195,92,36,3169,4,-,2,1,0.7,81,3.8,2,2.4,2,0.8,0.1,4.8,0.6,0.9,-,0.3,0.4,0.4,0.1,0.4,0.3,47.6,-,2.4,-,7.12,£0
39,Goalkeeper,186,81,2,180,-,-,-,-,-,77.8,-,-,-,-,-,-,1,-,-,-,-,-,-,-,-,-,27,-,7.5,-,6.83,"£2,080,000"
29,Midfielder,169,72,11(13),1059,6,3,2,-,1.1,81.2,0.1,1,0.6,0.3,0.4,-,0.3,0.4,-,-,0.8,0.3,0.6,0.1,0.8,1,26.6,0.5,1.5,0.2,6.71,"£4,160,000"
26,Defender,195,94,10(3),893,1,-,3,-,0.3,84.1,2.9,-,1.1,0.6,1,0.5,3.8,0.2,0.4,-,0.2,-,0.4,0.1,0.2,0.5,38.8,-,2.8,-,6.57,"£6,240,000"
28,Forward,178,72,5(12),519,1,-,1,-,0.4,70.8,0.6,-,0.5,0.4,0.8,-,0.2,0.3,-,-,0.3,0.5,0.6,0.1,0.7,0.9,6.6,-,0.1,-,6.23,"£2,808,000"
24,Midfielder,182,80,17(11),1771,-,-,5,-,1.1,81.8,1,1,2.2,1.2,1.4,-,0.9,0.6,0.2,-,0.5,1.7,0.9,0.1,1.1,1.5,25.5,0.1,0.9,-,6.63,"£1,300,000"
