Name,Team,Nat,Age,Pos,Height,Weight,Apps(Subs),Mins,Goals,Assists,Yel,Red,SpG,PS%,AerWon,MoM,Tackles,Inter,Fouls,OffW,Clear,DrbPast,Blocks,OwnG,KeyP,Drb,Fouled,Off,Disp,UnsT,AvgP,Crosses,LongB,ThrB,Rat
Raheem Sterling,MCFC,eng,25,"M(CLR),FW",170,69,31(3),2777,17,10,3,-,2.3,85.8,0.4,8,0.9,0.5,1.2,-,0.1,0.5,0.1,-,1.9,2.4,1.3,0.4,2.6,2.2,37.1,0.4,0.3,-,7.61
Sergio Agüero,MCFC,ar,32,"AM(CL),FW",173,70,31(2),2480,21,8,3,-,3.6,85,0.5,5,0.5,0.3,0.6,-,0.1,0.1,-,-,1,1.4,0.8,0.8,1.6,2.2,23.4,-,0.1,0.1,7.53
Fernandinho,MCFC,br,35,"D(CR),DMC",179,67,27(2),2382,1,3,5,-,1,87.5,2.6,2,2,1.4,1.4,0.1,2.4,0.7,0.1,-,0.8,0.7,0.9,0.1,0.4,0.9,70.7,-,2.7,0.2,7.31
Benjamin Mendy,MCFC,fr,26,"D(L),DMC,M(L)",185,85,10,900,-,5,1,-,0.7,88.3,0.8,-,1.6,1,1.2,0.4,1.6,0.8,0.4,-,1.2,0.9,0.2,-,1.1,0.9,65,1.1,1.8,-,7.29
David Silva,MCFC,es,34,M(CLR),173,67,28(5),2412,6,8,3,-,1.5,87.8,0.6,1,0.9,0.7,0.8,-,0.4,0.6,-,-,2.2,0.9,0.8,0.2,0.9,0.8,61.1,0.5,1.2,0.2,7.26
Bernardo Silva,MCFC,pt,26,M(CLR),173,64,31(5),2853,7,7,3,-,1.7,86.1,0.3,4,1.4,0.7,0.9,-,0.7,1.4,0.1,-,2,1.4,0.7,0.1,1,1.2,47.4,0.3,2,0.1,7.26
Leroy Sané,MCFC,de,24,"M(CLR),FW",184,75,21(10),1867,10,10,1,-,1.8,84.4,0.3,1,0.8,0.3,0.3,-,0.1,0.7,0.1,-,1.3,1.8,0.5,0.6,1.4,2.3,27.3,0.5,0.1,0.1,7.26
Oleksandr Zinchenko,MCFC,ua,23,"D(L),M(CR)",175,64,14,1153,-,3,1,-,0.5,91.5,1.7,-,2.4,1.4,1.1,-,1.1,1.4,0.2,-,0.9,0.4,0.4,0.1,0.4,0.5,84.6,0.5,2.6,-,7.19
Ilkay Gündogan,MCFC,de,29,M(C),180,80,23(8),2136,6,3,3,-,1.4,90.8,0.8,2,0.6,0.9,0.4,-,0.6,0.8,0.1,-,1.4,0.6,0.7,-,0.5,0.9,64.4,0.9,2.4,0.1,7.10
Aymeric Laporte,MCFC,fr,26,D(CL),191,86,34(1),3057,3,3,3,-,0.7,92.3,2.2,1,1.2,1.1,0.6,0.4,2.7,0.3,0.3,-,0.4,0.1,0.5,0.1,0.1,0.3,85.6,-,4.9,-,7.05
Kevin De Bruyne,MCFC,be,29,"M(CLR),FW",181,68,11(8),978,2,2,2,-,1.6,83.7,0.3,2,1.2,0.2,0.5,0.1,0.1,0.7,0.1,-,1.9,1,0.8,0.1,0.7,1.2,38.2,1.1,2.4,0.2,7.05
Danilo,MCFC,br,29,D(LR),184,78,9(2),806,1,-,1,-,1.3,87,1.6,1,1.8,1.4,0.9,0.3,1.8,0.5,-,-,0.4,0.7,0.7,-,0.5,0.7,69.7,0.2,1.7,-,7.01
Nicolás Otamendi,MCFC,ar,32,D(C),183,81,14(4),1234,-,-,1,-,0.8,92.7,2.2,-,1.4,1.6,0.4,0.6,3.1,0.2,0.2,-,0.1,0.1,0.2,-,-,0.1,69,-,2.6,-,6.98
Kyle Walker,MCFC,eng,30,"D(CR),M(R)",178,70,30(3),2777,1,1,3,-,0.6,90.1,1.4,-,1.2,1.1,0.5,0.2,1.5,0.4,0.2,-,0.7,0.5,0.4,0.1,0.4,0.8,72.4,0.1,3.5,-,6.96
Riyad Mahrez,MCFC,dz,29,AM(CLR),179,67,14(13),1338,7,4,-,-,2,84.7,0.7,3,0.5,0.3,0.4,-,0.1,0.4,-,-,0.9,0.9,0.6,0.3,1,1,29.5,0.6,1.4,0.2,6.96
Vincent Kompany,MCFC,be,34,D(C),193,85,13(4),1223,1,-,6,-,0.3,93,2.2,-,0.9,0.9,1,0.6,3.2,0.1,0.5,-,0.1,0.2,-,0.1,-,0.3,72.2,-,3.7,-,6.93
John Stones,MCFC,eng,26,D(CR),188,70,20(4),1763,-,-,1,-,0.2,94.2,2.5,-,0.7,0.6,0.3,0.3,2.5,0.2,0.4,-,0.2,0.3,0.3,-,0.1,-,73,-,4.3,-,6.87
Fabian Delph,MCFC,eng,30,"D(L),M(CL)",174,60,8(3),725,-,1,1,1,0.4,91.3,0.8,-,2.1,1.2,0.5,0.3,1.5,1,-,-,0.3,0.7,0.6,-,0.1,0.9,62.9,0.3,2.4,-,6.82
Ederson,MCFC,br,27,GK,188,86,38,3420,-,1,2,-,-,82.6,0.3,-,0.1,-,0.1,-,0.5,-,-,-,0.1,-,0.1,-,-,-,24.2,-,3.3,-,6.66
Gabriel Jesus,MCFC,br,23,"AM(LR),FW",175,73,8(21),1022,7,3,1,-,1.5,82.6,0.5,1,0.3,0.1,0.4,-,0.1,0.2,0.1,-,0.7,0.8,0.6,0.5,1,1.1,12.3,-,0.1,-,6.64
Phil Foden,MCFC,eng,20,AM(CLR),171,70,3(10),330,1,-,-,-,1.1,86.6,0.2,-,0.5,0.3,0.3,-,0.1,0.5,-,-,0.6,0.6,0.4,-,0.4,0.3,17.8,0.1,0.2,-,6.52
Paul Pogba,MUFC,fr,27,M(C),191,84,34(1),3012,13,9,6,-,3,82.8,1.7,7,1.3,0.5,1.5,-,1,0.7,0.3,-,1.6,1.7,2,0.1,2.5,2.1,59.1,0.1,4.7,0.2,7.31
Ander Herrera,MUFC,es,31,M(C),182,71,16(6),1405,2,3,4,-,1,87.8,0.2,2,2.5,1.7,1,-,1,1.8,0.3,-,0.7,0.5,0.9,-,0.4,0.6,44.5,-,1.5,0.1,6.96
Marcus Rashford,MUFC,eng,22,"AM(LR),FW",180,70,26(7),2345,10,6,3,1,2.5,78.1,0.9,3,0.7,0.1,0.8,-,0.7,0.7,-,-,1.2,1.3,1.6,0.5,1.4,2.5,20.2,0.3,0.5,-,6.95
Luke Shaw,MUFC,eng,25,"D(CL),M(L)",185,75,29,2592,1,4,11,-,0.7,83.3,1.7,2,1.9,0.7,1.4,0.1,2.8,0.7,0.4,-,1.1,0.9,0.6,-,0.5,1,57.2,0.5,1.6,0.1,6.91
Anthony Martial,MUFC,fr,24,"AM(LR),FW",181,76,18(9),1624,10,2,2,-,1.4,79.3,0.7,2,0.3,0.1,0.5,-,0.3,0.4,-,-,1.3,1.2,1,0.2,1.2,1.7,26.2,0.1,0.1,0.1,6.90
Ashley Young,MUFC,eng,35,"D(LR),M(LR)",175,65,28(2),2569,2,2,8,1,0.4,77.5,0.8,-,1.7,1.8,1.2,0.3,1.9,0.6,0.3,-,1.3,0.6,1.1,0.1,0.6,0.8,45.9,1.4,3.7,-,6.87
Romelu Lukaku,MUFC,be,27,"AM(R),FW",190,94,22(10),2130,12,-,4,-,1.7,66.3,2.9,2,0.3,0.1,0.6,-,0.6,0.3,-,-,0.7,0.7,0.1,0.7,1.4,1.6,16.7,0.2,0.4,0.1,6.84
Phil Jones,MUFC,eng,28,"D(CR),DMC",180,71,15(3),1264,-,1,1,-,0.3,92.6,2.6,-,1.1,1.3,0.4,0.6,3.4,0.3,0.6,-,0.2,0.2,0.6,-,0.1,0.5,41.9,-,2.2,-,6.81
Chris Smalling,MUFC,eng,30,D(CR),194,81,24,2128,1,-,1,-,0.5,86.2,4.3,1,1.3,1.1,0.9,0.5,4.4,0.3,1,1,0.1,-,0.3,0.1,-,0.3,39.8,-,2.1,-,6.79
Nemanja Matic,MUFC,rs,32,DMC,194,85,28,2441,1,-,6,1,0.4,86.9,2,-,1.8,1.1,1,-,1.9,1,0.6,-,0.5,0.6,0.7,-,1.4,0.9,65.6,0.1,3.9,-,6.76
Juan Mata,MUFC,es,32,AM(CLR),170,63,16(6),1295,3,2,3,-,0.9,86,0.1,-,0.4,0.3,0.5,-,0.2,0.7,-,-,1.4,0.5,0.4,0.4,0.9,0.6,31.8,0.6,2.2,0.1,6.70
Luis Antonio Valencia,MUFC,ec,35,"D(R),M(R)",180,83,5(1),466,-,-,2,-,0.3,84.1,0.5,-,1.3,0.8,1.2,-,1,0.2,-,-,1.2,0.5,0.7,-,0.2,-,45.2,0.8,1.8,-,6.68
Victor Lindelöf,MUFC,se,26,D(CR),187,80,29(1),2602,1,1,1,-,0.3,89.2,2.3,-,1.3,0.8,0.6,0.7,3.9,0.3,0.4,1,0.2,0.3,0.5,-,0.1,0.4,49.7,-,2.1,-,6.68
Marouane Fellaini,MUFC,be,32,M(C),194,85,6(8),748,-,1,1,-,0.5,81.2,3.4,-,1.5,0.3,1.1,0.1,2.4,0.6,0.4,-,0.2,0.1,0.6,0.1,0.6,0.7,30.4,0.1,0.3,-,6.66
Diogo Dalot,MUFC,pt,21,"D(LR),M(R)",183,76,12(4),1015,-,2,3,-,0.9,70.9,1.4,-,1.5,0.6,0.8,0.4,1.9,0.3,0.1,-,1.1,0.7,0.1,0.1,0.3,0.6,26.4,0.9,0.6,-,6.63
Alexis Sánchez,MUFC,cl,31,"M(CLR),FW",169,62,9(11),877,1,3,3,-,0.9,74.6,0.4,-,0.9,0.5,0.7,-,0.1,0.4,-,-,1.1,0.7,0.9,0.4,1.3,1.1,19.1,0.3,1.2,0.1,6.60
Jesse Lingard,MUFC,eng,27,AM(CLR),175,62,19(8),1670,4,2,3,-,1.2,85.7,0.2,1,1.1,0.4,1,-,0.2,0.8,0.1,-,0.6,0.5,0.9,0.3,0.7,1.6,28.2,0.1,0.3,0.1,6.59
Matteo Darmian,MUFC,it,30,"D(CLR),M(LR)",182,70,5(1),444,-,-,-,-,0.2,85.1,0.5,-,2.3,1.2,0.5,0.3,3.2,1.2,-,-,0.3,0.2,0.7,0.2,0.3,0.5,29.2,0.2,1.3,-,6.59
David de Gea,MUFC,es,29,GK,192,76,38,3420,-,-,1,-,-,60,0.1,1,-,-,-,-,0.6,0.1,-,-,-,-,0.1,-,-,-,24.9,-,7.9,-,6.52
Fred,MUFC,br,27,M(C),169,64,13(4),1045,1,1,2,-,1,86.3,0.2,1,1.7,0.9,1.5,0.1,0.5,1.1,0.1,-,0.7,0.6,1.1,0.1,1.1,1.2,45.2,0.3,3.5,0.1,6.49
Scott McTominay,MUFC,sct,23,"D(C),DMC",193,88,9(7),863,2,-,1,-,0.9,83.3,2.1,1,0.6,0.9,0.7,-,1,0.4,0.3,-,0.1,0.1,1,0.1,0.4,0.9,28.1,-,1.1,-,6.48
Mason Greenwood,MUFC,eng,19,"AM(R),FW",181,70,1(2),116,-,-,-,-,2.3,85,-,-,1,-,-,-,0.3,0.3,-,-,1,1,0.3,0.7,1,1,20,-,-,-,6.44
Eric Bailly,MUFC,ci,26,D(CR),187,77,8(4),639,-,-,-,1,0.3,87.1,1.1,-,1.3,1.1,0.4,0.3,3.1,0.2,0.3,-,-,0.3,0.4,-,0.1,0.4,25.2,-,1.6,-,6.37
Andreas Pereira,MUFC,br,24,M(CLR),178,71,6(9),597,1,1,5,-,0.5,82.4,0.2,-,0.5,0.7,0.8,-,0.5,0.7,0.1,-,0.6,0.5,0.3,0.1,0.9,0.6,23.5,0.2,0.8,-,6.26
Marcos Rojo,MUFC,ar,30,D(CL),187,85,2(3),211,-,-,2,-,1.2,72.6,0.6,-,1,1.2,0.6,0.6,1.8,1,0.4,1,-,0.2,0.2,-,-,0.2,24.8,-,1.6,-,6.15
Angel Gomes,MUFC,eng,20,Midfielder,161,61,0(2),25,-,-,-,-,1,95.2,-,-,0.5,-,-,-,-,-,-,-,-,-,-,-,0.5,-,10.5,-,0.5,-,6.08
Tahith Chong,MUFC,nl,20,Midfielder,185,75,0(2),37,-,-,-,-,1,80,-,-,-,-,-,-,0.5,-,-,-,-,0.5,1,-,0.5,0.5,7.5,-,-,-,6.07
James Garner,MUFC,eng,19,M(C),186,78,0(1),1,-,-,-,-,-,-,-,-,-,-,-,-,-,-,-,-,-,-,-,-,-,-,1,-,-,-,6.00
Harry Kane,THFC,eng,27,"AM(C),FW",188,86,27(1),2427,17,4,5,-,3.6,73.1,1.8,6,0.4,-,1.1,-,0.5,0.5,0.2,-,1.1,1.4,1.9,0.4,1.6,2.9,19.7,0.1,1.6,-,7.38
Paulo Gazzaniga,THFC,ar,28,GK,196,90,3,270,-,-,-,-,-,64.2,-,-,-,-,-,-,1,-,-,-,-,-,-,-,-,0.3,31.7,-,6,-,7.14
Kieran Trippier,THFC,eng,30,"D(R),M(R)",178,71,26(1),2278,1,3,2,-,0.3,78.9,1.1,1,2.5,0.9,0.7,0.6,2.3,0.9,0.2,1,1.8,0.3,0.9,0.2,0.5,0.7,57.1,2,2.6,0.1,7.10
Son Heung-Min,THFC,kr,28,"M(CLR),FW",183,78,23(8),2049,12,6,2,1,2.4,85.6,0.1,4,0.7,0.3,0.4,-,0.1,0.8,0.1,-,1.1,1.5,0.6,0.7,1.4,1.9,24.3,0.2,0.4,0.1,7.10
Christian Eriksen,THFC,dk,28,M(CLR),182,76,30(5),2772,8,12,3,-,2.4,81,0.4,2,1.2,0.4,0.5,-,0.2,1.2,0.1,-,2.1,0.5,0.5,0.1,0.8,1.7,53.5,0.9,2.3,0.3,7.08
Hugo Lloris,THFC,fr,33,GK,188,82,33,2970,-,-,-,-,-,73.6,0.3,2,-,-,-,-,1,0.1,-,-,-,-,0.1,-,-,0.1,31.7,-,6.7,-,6.96
Lucas Moura,THFC,br,28,"AM(CLR),FW",172,72,25(7),2128,10,-,3,-,1.4,76.1,1.1,3,1.1,0.8,0.8,-,0.8,0.6,-,-,0.8,1.4,1.5,0.4,1.1,2.1,22.6,-,0.4,-,6.96
Kyle Walker-Peters,THFC,eng,23,D(R),173,62,4(2),374,-,3,1,-,0.3,83,0.5,-,1.2,0.7,0.7,-,0.7,0.2,0.2,-,1.2,1.5,1.7,0.2,0.5,0.5,31.3,0.7,0.5,-,6.95
Dele Alli,THFC,eng,24,"M(CL),FW",188,76,22(3),1835,5,3,4,-,1.6,80.3,0.8,1,1.3,0.8,0.9,-,0.7,0.8,0.2,-,1.1,1.2,0.8,0.1,1.2,2,41.1,0.1,1,0.1,6.95
Juan Foyth,THFC,ar,22,D(CR),179,69,10(2),890,1,-,3,1,0.3,85.2,2.1,1,2.6,0.8,1.3,0.8,4,0.4,0.4,-,0.3,1.6,0.8,-,0.8,0.9,48.8,-,1.8,0.1,6.93
Jan Vertonghen,THFC,be,33,D(CL),189,87,22,1915,1,-,3,1,0.7,87.5,2.3,1,1.8,1.5,0.5,0.9,3.3,0.5,0.5,-,0.2,0.4,0.5,-,0.1,0.5,69.6,0.2,3.1,-,6.89
Serge Aurier,THFC,ci,27,"D(CLR),M(R)",176,76,6(2),564,-,2,1,-,0.5,75.5,1.5,-,2.5,0.9,2.1,0.5,2.1,0.9,0.3,-,0.8,1,0.3,0.1,0.9,1.5,33.6,0.9,0.6,-,6.85
Michel Vorm,THFC,nl,36,GK,183,84,2,180,-,-,-,-,-,77.3,0.5,1,-,-,-,-,1,-,-,-,-,-,-,-,-,0.5,22,-,2.5,-,6.85
Danny Rose,THFC,eng,30,"D(L),M(L)",173,72,20(6),1798,-,3,5,-,0.6,73.7,1,1,1.9,0.9,1,0.2,0.8,0.5,0.2,-,1,1.3,1.8,-,0.7,1.9,35.7,0.8,1,-,6.84
Toby Alderweireld,THFC,be,31,D(CR),187,90,33(1),2924,-,-,3,-,0.6,88.5,1.6,-,1.1,0.7,0.3,0.6,4.9,0.3,0.6,1,0.2,-,-,-,-,0.2,69.4,0.1,7.1,0.1,6.84
Georges-Kévin Nkoudou,THFC,fr,25,AM(LR),172,75,0(1),4,-,1,-,-,-,66.7,-,-,-,-,-,-,-,-,-,-,1,-,1,-,-,-,3,1,-,-,6.83
Davinson Sánchez,THFC,co,24,D(C),187,81,22(1),1943,1,1,2,-,0.6,89.9,2.9,-,1.6,1.3,0.9,1.1,4.4,0.7,0.4,-,0.2,-,0.4,-,0.1,0.3,62.6,-,2.7,-,6.83
Erik Lamela,THFC,ar,28,AM(CLR),181,79,9(10),973,4,2,2,-,1.5,83.2,0.2,1,0.9,0.4,1.2,-,0.1,0.5,-,-,1.2,1.1,0.9,0.1,1.1,1.5,22.2,0.5,0.4,0.2,6.77
Moussa Sissoko,THFC,fr,31,M(CR),187,83,27(2),2337,-,3,2,-,0.5,86.7,0.8,-,1.2,0.6,0.8,-,0.7,0.5,0.1,-,0.9,1.2,0.7,0.1,1,1.4,46.5,0.1,1.4,-,6.75
Eric Dier,THFC,eng,26,"D(CR),DMC",188,88,18(2),1510,3,-,4,-,0.5,84.9,1.8,-,1.3,1.1,1.2,-,2.1,1.4,0.6,-,0.4,0.1,0.5,-,0.5,0.6,54.2,0.1,2.3,0.1,6.74
Ben Davies,THFC,wls,27,"D(CL),M(L)",181,76,20(7),1839,-,-,2,-,0.5,82.8,1.7,1,2.1,0.9,0.7,0.3,2.3,0.6,0.4,-,0.6,0.1,0.5,-,0.4,0.7,40.2,0.3,1.2,-,6.69
Harry Winks,THFC,eng,24,DMC,178,65,17(9),1592,1,-,4,-,0.3,91.8,0.5,1,0.8,0.8,0.6,-,0.7,1,0.1,-,0.3,0.7,0.6,0.1,0.8,0.6,53.4,-,2.2,-,6.55
Victor Wanyama,THFC,ke,29,DMC,188,80,4(9),513,1,-,2,-,0.5,81,1.1,-,1,0.5,0.8,-,0.7,0.5,0.2,-,0.2,0.5,0.5,-,0.3,0.6,25.1,0.1,0.1,-,6.53
Fernando Llorente,THFC,es,35,FW,193,90,6(14),685,1,4,2,-,1.2,66.4,2.7,-,0.2,0.1,0.6,-,0.5,0.1,0.1,1,0.7,0.3,0.3,0.3,0.6,1.4,11.2,-,0.2,-,6.49
Oliver Skipp,THFC,eng,20,DMC,175,70,2(6),216,-,-,-,-,0.3,83.9,1.3,-,0.9,0.1,0.5,-,0.8,0.3,0.1,-,0.1,0.3,0.4,-,0.3,0.3,17.9,-,0.5,-,6.38
Mousa Dembélé,THFC,be,33,M(CR),185,87,7(3),516,-,-,1,-,0.1,89.6,0.6,-,1.3,0.7,1.2,0.1,0.5,0.3,0.1,-,-,0.7,0.3,-,0.7,0.9,30.8,-,0.4,-,6.38
Vincent Janssen,THFC,nl,26,FW,180,79,0(3),36,-,-,-,-,1,77.8,1,-,0.7,-,0.7,-,0.3,-,-,-,-,0.3,-,0.3,0.3,-,3,-,-,-,6.30
Luke Amos,THFC,eng,23,M(C),179,70,0(1),2,-,-,-,-,-,33.3,1,-,1,-,-,-,-,-,-,-,-,-,-,-,-,-,3,-,-,-,6.13
Mohamed Salah,LFC,eg,28,"AM(CLR),FW",175,71,37(1),3262,22,8,1,-,3.6,75.9,0.3,8,0.6,0.1,0.7,-,0.1,0.3,-,-,1.8,2.1,0.8,0.7,3.1,2.9,28.4,0.4,0.6,0.3,7.57
Virgil van Dijk,LFC,nl,29,D(C),193,92,38,3385,4,2,1,-,0.8,89.7,4.8,4,1,1.1,0.3,1.1,5.2,-,0.5,-,0.2,0.2,0.6,-,-,0.2,79.9,-,5.3,-,7.44
Sadio Mané,LFC,sn,28,"AM(CLR),FW",175,69,35(1),3086,22,1,2,-,2.4,78.2,1,6,1,0.4,0.9,0.1,0.2,0.8,0.1,-,1.3,1.4,1.8,0.7,1.3,2.9,32.9,0.2,1.3,0.1,7.43
Trent Alexander-Arnold,LFC,eng,22,"D(R),M(R)",175,69,27(2),2467,1,12,3,-,1,77.5,0.3,1,2.1,1.2,0.5,0.3,2.1,1.1,0.1,-,1.7,0.5,0.2,0.1,0.5,1.4,58.5,2,4,0.1,7.36
Roberto Firmino,LFC,br,29,"M(CLR),FW",181,76,31(3),2620,12,6,-,-,2.2,80.8,0.9,4,0.9,0.2,1.1,-,0.4,0.8,-,-,1.3,1.4,0.3,0.2,1.8,2.3,37.6,0.1,0.5,0.1,7.20
Andrew Robertson,LFC,sct,26,"D(L),M(L)",178,64,36,3219,-,11,4,-,0.4,83.2,0.7,1,2.2,0.8,0.5,0.5,1.3,0.9,0.2,-,1.4,0.8,0.4,-,0.6,0.9,66.6,0.6,2.2,-,7.12
Joel Matip,LFC,cm,29,D(C),195,90,17(5),1535,1,-,3,-,0.4,86.9,3,2,1.8,1.5,0.5,0.8,3.5,0.5,0.3,-,0.1,0.3,0.8,-,-,0.3,61,-,2.1,-,7.11
Dejan Lovren,LFC,hr,31,D(C),188,84,11(2),986,1,-,1,-,0.5,86.6,4.1,1,1.2,0.8,0.2,1.2,3.9,0.6,0.5,-,0.1,-,0.8,-,0.1,0.2,63.2,0.2,2.6,0.1,7.08
Fabinho,LFC,br,26,"D(R),DMC",188,78,21(7),2013,1,2,6,-,0.6,85.3,2,-,2.1,1,1,0.2,0.9,1.3,0.2,-,0.6,0.4,1.1,-,0.6,0.4,57.5,0.1,2.6,-,6.95
James Milner,LFC,eng,34,"D(LR),M(CLR)",175,70,19(12),1787,5,4,5,1,0.8,84.6,0.6,1,1.4,0.6,0.9,0.2,0.7,0.8,0.2,-,1.4,0.5,0.9,-,0.3,1,45.2,1.2,2.6,0.1,6.91
Georginio Wijnaldum,LFC,nl,29,M(CLR),175,69,32(3),2736,3,-,3,-,0.9,91.1,0.9,1,1.2,0.6,0.5,-,0.7,0.4,0.2,-,0.7,0.8,0.9,0.1,1.1,1.5,50.5,0.1,1.6,-,6.89
Alisson,LFC,br,28,GK,191,91,38,3420,-,-,1,-,-,80.3,0.3,-,0.1,-,-,-,0.8,-,-,-,-,0.1,-,-,-,-,28.3,-,4.8,-,6.79
Joe Gomez,LFC,eng,23,D(CLR),188,77,12(4),1060,-,-,2,-,0.3,87.5,1.5,-,1.1,0.9,0.8,0.4,2.4,0.4,0.3,-,0.4,0.3,0.6,-,0.1,0.6,49.2,0.1,2,-,6.76
Naby Keita,LFC,gn,25,M(C),172,64,16(9),1394,2,1,-,-,1.1,88.5,0.4,-,1.5,0.5,1,-,0.5,1.1,0.2,-,0.4,1,0.6,-,1.2,1.4,40.2,-,0.6,0.1,6.74
Xherdan Shaqiri,LFC,ch,29,M(CLR),169,72,11(13),1059,6,3,2,-,1.1,81.2,0.1,1,0.6,0.3,0.4,-,0.3,0.4,-,-,0.8,0.3,0.6,0.1,0.8,1,26.6,0.5,1.5,0.2,6.71
Jordan Henderson,LFC,eng,30,M(CLR),182,67,21(11),1983,1,3,1,1,0.5,87.2,0.8,-,1.4,0.9,0.8,-,0.4,0.7,0.1,-,0.5,0.2,0.4,-,0.3,0.7,54.4,0.2,3.3,0.1,6.67
Alberto Moreno,LFC,es,28,"D(L),M(L)",171,65,2,155,-,-,-,-,0.5,87.6,-,-,1.5,1,0.5,1,-,1,-,-,1.5,1,0.5,-,-,1.5,52.5,0.5,1,-,6.65
Divock Origi,LFC,be,25,"AM(LR),FW",185,75,4(8),368,3,1,-,-,1.1,70.4,0.3,-,0.5,-,0.2,0.1,0.1,0.3,-,-,0.3,0.5,0.4,0.3,0.8,0.8,9,-,0.5,-,6.57
Adam Lallana,LFC,eng,32,AM(CLR),172,73,5(8),465,-,-,1,-,0.4,82.1,0.7,-,1.2,0.4,0.3,-,0.1,0.5,0.1,-,0.7,0.6,0.8,-,0.8,0.8,23.2,0.2,0.4,-,6.53
Daniel Sturridge,LFC,eng,31,"M(R),FW",188,76,4(14),500,2,1,1,-,1,80,0.2,-,0.2,0.1,0.3,-,-,0.1,-,-,0.4,0.3,0.6,0.2,0.6,0.9,10.6,0.1,0.5,0.1,6.41
Alex Oxlade Chamberlain,LFC,eng,27,M(CLR),180,70,0(2),19,-,-,-,-,0.5,76.9,-,-,0.5,0.5,-,-,-,-,-,-,0.5,0.5,0.5,-,-,0.5,6.5,-,-,-,6.35
Nathaniel Clyne,LFC,eng,29,"D(LR),M(R)",175,67,1(3),108,-,-,-,-,0.8,83.1,0.3,-,1,0.5,-,-,0.3,0.5,-,-,-,-,0.5,-,0.3,0.3,14.8,-,0.3,-,6.29
Rafael Camacho,LFC,pt,20,M(R),175,68,0(1),1,-,-,-,-,-,-,-,-,1,-,-,-,-,-,-,-,-,-,-,-,-,-,-,-,-,-,6.00
Eden Hazard,CFC,be,29,"M(CLR),FW",175,74,32(5),2926,16,15,2,-,2.5,84.3,0.5,14,0.4,0.4,0.3,-,0.1,0.3,-,-,2.6,3.7,2.8,0.3,2.3,2.4,49.2,0.9,2.7,0.3,7.81
Marcos Alonso,CFC,es,29,"D(CL),M(L)",188,84,31,2761,2,4,6,-,1.5,85,2.1,2,2.4,1.3,0.9,0.2,2.8,0.8,0.1,-,1.1,0.5,1.2,0.1,0.9,1,60.7,0.3,1.4,-,7.18
David Luiz,CFC,br,33,"D(C),DMC",189,84,36,3239,3,2,3,-,0.9,88,2.3,-,1.1,1,0.9,0.7,4,0.2,0.5,-,0.6,0.3,0.8,-,0.1,0.4,72.8,-,6,0.3,7.08
Willian,CFC,br,32,AM(CLR),175,77,26(6),2109,3,6,2,-,1.9,85.7,0.3,2,1.1,0.4,0.4,-,0.3,0.5,-,-,2.5,1.2,1,0.3,1.2,1.6,38.4,1.2,1.2,0.1,7.06
César Azpilicueta,CFC,es,31,"D(CLR),M(R)",178,76,38,3403,1,5,4,-,0.4,87,1.8,1,2.8,1.1,1,0.4,2,0.8,0.4,-,0.7,0.3,0.4,0.1,0.2,0.9,65.3,0.6,1.3,0.1,7.01
Pedro,CFC,es,33,M(CLR),169,65,21(10),1781,8,2,2,-,1.8,86.5,0.3,5,0.9,0.6,0.5,-,0.3,0.8,0.1,-,0.9,1.4,0.8,0.3,1.1,1,34.4,0.3,1.2,0.1,6.97
N'Golo Kanté,CFC,fr,29,DMC,168,68,36,3096,4,4,3,-,0.8,87.9,0.8,1,2.1,1.2,1,-,0.7,1.2,0.2,-,1.3,0.9,0.4,0.2,1.5,1.6,56.2,0.2,1,0.1,6.93
Gonzalo Higuaín,CFC,ar,32,FW,186,89,13(1),1092,5,-,-,-,3.3,77.2,0.5,-,0.7,0.1,0.4,-,0.4,0.6,-,-,1.1,0.6,0.1,0.8,1.4,1.4,22.6,-,0.9,-,6.89
Jorginho,CFC,it,28,DMC,180,65,37,3165,2,-,8,-,0.5,89.3,0.4,-,2.1,1.7,0.9,-,0.9,1.4,0.2,-,0.8,0.4,0.6,-,0.8,0.9,84.3,-,2.5,0.4,6.88
Ruben Loftus-Cheek,CFC,eng,24,M(CLR),191,88,6(18),985,6,2,-,-,1.2,87.9,0.9,1,0.8,0.5,0.4,-,0.2,0.4,0.2,-,0.7,1.7,1,0.1,1,1,25.4,-,0.5,-,6.85
Willy Caballero,CFC,ar,39,GK,186,81,2,180,-,-,-,-,-,77.8,-,-,-,-,-,-,1,-,-,-,-,-,-,-,-,-,27,-,7.5,-,6.83
Antonio Rüdiger,CFC,de,27,D(CR),190,85,33,2874,1,-,7,-,0.8,91.5,2.5,-,1,1,0.8,0.6,2.9,0.4,0.2,-,0.2,0.1,0.5,-,0.3,0.2,76.9,-,4.5,0.1,6.78
Andreas Christensen,CFC,dk,24,"D(C),DMC",188,78,6(2),615,-,-,1,-,-,92.8,2.3,-,1.3,0.5,1,0.4,3.4,0.4,0.3,-,-,0.1,0.4,-,-,0.4,57.3,-,1.1,-,6.73
Ross Barkley,CFC,eng,26,M(CLR),189,76,13(14),1243,3,5,1,-,1.5,91.2,0.7,1,0.6,0.3,0.5,-,0.5,0.4,-,-,0.8,0.6,1,-,1.2,0.7,35.3,-,1.5,0.1,6.65
Mateo Kovacic,CFC,hr,26,M(CL),178,78,21(11),1745,-,2,3,-,0.9,92,0.3,-,1.4,0.3,0.6,-,0.6,0.8,0.1,-,0.8,1.3,1,-,1.2,0.8,45.9,-,0.9,0.2,6.65
Callum Hudson-Odoi,CFC,eng,19,AM(LR),182,76,4(6),391,-,1,-,-,0.6,86,0.2,-,0.8,0.3,0.1,-,-,0.2,-,-,0.9,1.2,0.6,0.3,0.7,1.1,20.7,0.6,0.4,-,6.65
Kepa Arrizabalaga,CFC,es,26,GK,189,84,36,3240,-,-,2,-,-,85.4,0.2,1,-,-,-,-,0.4,-,-,-,-,-,0.1,-,-,-,27.9,-,5.2,-,6.63
Emerson,CFC,it,26,"D(L),M(L)",176,63,7(3),660,-,-,-,-,0.5,89.9,0.5,-,1.4,0.8,0.8,0.2,0.8,0.4,0.1,-,0.5,1,0.6,-,0.9,0.8,43.6,0.3,0.6,0.1,6.59
Álvaro Morata,CFC,es,27,"AM(L),FW",190,84,11(5),943,5,-,3,-,2.2,76.9,1.1,-,0.5,-,1.2,-,0.4,0.4,0.1,-,0.4,0.4,1,1.3,1.4,1.8,14.3,-,0.3,-,6.56
Olivier Giroud,CFC,fr,34,FW,192,93,7(20),834,2,4,1,-,1.2,68.2,1.4,-,0.1,0.1,0.4,-,0.2,0.1,-,-,0.7,0.1,0.2,0.2,0.2,0.8,9.7,-,0.2,-,6.43
Davide Zappacosta,CFC,it,28,"D(R),M(LR)",185,70,1(3),125,-,-,-,-,0.5,80,0.8,-,-,0.8,0.5,-,1,0.3,-,-,0.3,0.5,0.3,-,0.5,0.5,18.8,-,0.5,-,6.39
Cesc Fàbregas,CFC,es,33,"M(CL),FW",180,77,1(5),176,-,-,1,-,0.2,86.5,0.3,-,1,0.2,0.2,-,-,0.7,0.2,-,0.5,-,0.5,-,0.3,0.3,32.2,-,1.3,0.5,6.28
Gary Cahill,CFC,eng,34,D(C),193,86,0(2),22,-,-,-,-,-,88.9,0.5,-,-,-,-,0.5,0.5,-,-,-,-,-,-,-,-,-,9,-,-,-,6.12
Victor Moses,CFC,ng,29,M(CLR),177,79,0(2),26,-,-,-,-,-,76.9,-,-,-,-,0.5,-,-,-,-,-,0.5,-,0.5,-,1,0.5,6.5,-,-,-,5.96
Alexandre Lacazette,AFC,fr,29,"M(LR),FW",175,73,27(8),2507,13,8,2,-,2.3,74.2,1.3,4,1,0.4,1.5,-,0.8,0.7,-,-,0.9,1.3,1.5,0.7,1.7,2,22,0.1,0.5,0.1,7.17
Pierre-Emerick Aubameyang,AFC,ga,31,"M(CLR),FW",187,80,30(6),2733,22,5,-,-,2.6,74,0.9,4,0.6,0.2,0.4,-,0.5,0.6,-,-,0.9,0.8,0.6,0.6,0.9,1.7,19.2,0.3,0.3,-,7.10
Shkodran Mustafi,AFC,de,28,D(CR),184,82,31,2617,2,-,9,-,0.6,81.9,4,2,2,1.9,1.4,0.7,5.2,0.3,0.5,-,0.2,0.3,0.3,0.1,0.2,0.4,56.9,-,3.2,0.1,7.05
Petr Cech,AFC,cz,38,GK,196,90,7,588,-,-,-,-,-,68.3,0.3,1,0.1,-,-,-,1,-,-,-,-,-,0.3,-,-,-,32,-,5.4,-,7.05
Granit Xhaka,AFC,ch,28,M(C),185,82,29,2502,4,2,10,-,1,85.3,1.8,4,1.8,1.2,1.6,0.2,1.9,1.2,0.3,-,1.4,0.2,1.8,-,0.6,0.6,77.4,1.1,5.5,0.1,7.03
Nacho Monreal,AFC,es,34,"D(CL),M(L)",179,72,21(1),1861,1,3,5,-,0.3,87.6,1.6,-,1.6,1.4,0.8,0.5,2.5,0.5,0.5,-,0.5,0.3,1,-,0.1,0.5,53.1,0.2,1.4,-,6.97
Laurent Koscielny,AFC,fr,35,D(C),186,75,13(4),1330,3,-,1,-,0.3,91.9,1.5,1,1.1,1.8,0.5,0.8,4.1,0.4,0.9,-,0.1,0.1,0.8,-,0.2,0.2,52.4,-,3.5,-,6.92
Henrikh Mkhitaryan,AFC,am,31,"M(CLR),FW",177,75,19(6),1645,6,4,1,-,2,79.9,0.8,1,1.1,0.6,1.1,-,0.4,0.6,0.1,-,1.2,0.8,0.4,0.1,1,2,31.8,0.3,0.8,0.2,6.88
Sokratis,AFC,gr,32,D(CR),186,85,25,2199,1,2,12,-,0.4,89.4,2.2,-,1.7,1,1.5,0.7,4.3,0.5,0.7,-,0.2,0.2,1,-,0.2,0.3,55.5,-,4.1,-,6.82
Mesut Özil,AFC,de,32,M(CLR),180,76,20(4),1742,5,2,2,-,0.5,88.6,0.2,2,0.5,0.2,0.4,-,0.2,0.8,0.1,-,1.9,0.9,0.9,0.4,1.4,2,46.6,0.8,1.2,0.1,6.78
Rob Holding,AFC,eng,25,D(CR),189,75,9(1),807,-,-,1,-,0.2,87.5,2.1,1,1.1,1.2,0.6,0.3,3.7,0.6,0.7,-,0.2,0.3,0.2,-,0.2,0.4,61.4,-,3.4,-,6.74
Lucas Torreira,AFC,uy,24,DMC,168,64,24(10),2381,2,2,7,1,0.7,87.4,0.6,-,1.9,1.2,1.1,0.1,0.9,0.9,0.2,-,0.5,0.4,2.3,-,0.8,0.9,46.8,0.2,1.8,-,6.72
Héctor Bellerín,AFC,es,25,"D(R),M(R)",178,74,18(1),1535,-,5,3,-,0.9,84.2,1.1,-,0.8,1.1,0.8,0.2,1.7,0.4,0.3,1,0.4,0.8,0.3,0.1,0.8,1.1,41.3,0.5,1.3,0.1,6.71
Aaron Ramsey,AFC,wls,29,M(CLR),178,76,14(14),1331,4,6,-,-,1.2,82,0.5,-,1.2,0.3,0.8,-,0.1,0.6,-,-,0.9,0.4,0.7,0.1,1,1.3,27.6,0.2,0.9,-,6.70
Bernd Leno,AFC,de,28,GK,190,83,31(1),2833,-,-,-,-,-,69.2,0.2,-,-,0.1,-,-,1,0.1,-,-,-,-,0.2,-,-,-,28.8,-,4.9,-,6.68
Ainsley Maitland-Niles,AFC,eng,23,"D(LR),M(CLR)",177,71,11(5),986,1,1,1,1,0.3,78.5,0.4,1,2.1,1.2,0.5,0.1,0.7,0.9,0.3,-,0.4,1.2,0.8,0.1,1.1,1.6,28.2,0.1,0.9,-,6.64
Alex Iwobi,AFC,ng,24,AM(CLR),180,75,22(13),1976,3,6,-,-,1,77.8,0.1,-,0.8,0.3,0.2,-,0.3,0.5,-,-,1.1,1.3,0.4,0.1,1.6,2,27.2,0.3,0.8,-,6.62
Konstantinos Mavropanos,AFC,gr,22,D(C),194,88,3(1),150,-,-,1,-,0.5,92.7,0.5,-,0.3,1.8,0.5,1,1.3,-,0.3,-,0.3,0.5,-,-,-,-,34.3,-,3.3,-,6.61
Sead Kolasinac,AFC,ba,27,"D(CL),M(L)",183,85,22(2),1891,-,5,5,-,0.4,77.7,0.8,-,1.4,0.8,0.9,-,1,0.6,0.1,-,1.3,0.5,0.4,0.4,0.7,1.3,40.5,0.5,0.8,-,6.61
Matteo Guendouzi,AFC,fr,21,DMC,185,68,23(10),2144,-,-,9,-,0.5,87.7,0.5,-,1.3,0.9,0.7,0.1,0.7,0.9,0.2,-,0.5,0.7,1.9,-,0.9,0.9,48.4,-,2.4,0.2,6.55
Mohamed Elneny,AFC,eg,28,DMC,180,70,5(3),381,-,-,-,-,0.9,90.6,0.3,-,1.6,0.3,0.1,-,1,0.1,0.5,-,0.6,0.1,-,0.1,0.4,0.8,34.8,0.1,1.9,-,6.44
Danny Welbeck,AFC,eng,29,"AM(CLR),FW",185,73,1(7),148,1,1,-,-,0.5,74.1,0.9,-,0.4,0.1,0.4,-,0.1,-,-,-,0.6,0.3,0.3,-,0.4,0.6,6.8,-,0.1,-,6.39
Carl Jenkinson,AFC,eng,28,D(R),185,77,2(1),167,-,-,-,-,-,77.3,0.3,-,1,-,0.3,-,0.7,0.3,1,-,0.3,-,-,-,1,1.7,25,-,-,-,6.31
Eddie Nketiah,AFC,eng,21,FW,175,72,0(5),63,1,-,-,-,0.6,90,-,-,0.2,-,0.2,-,0.2,-,-,-,0.2,0.4,0.4,0.4,0.6,0.4,4,-,-,-,6.29
Stephan Lichtsteiner,AFC,ch,36,"D(R),M(R)",182,72,10(4),941,-,-,3,-,0.1,78.5,1.6,-,1.1,0.6,0.8,0.5,1.6,0.5,0.3,-,0.2,0.3,0.7,0.1,0.9,0.9,34.3,0.1,1,-,6.27
Denis Suárez,AFC,es,26,AM(CLR),176,69,0(4),67,-,-,-,-,-,91.2,-,-,0.3,0.3,-,-,-,1.3,-,-,-,1,0.3,-,0.3,0.8,8.5,-,-,-,6.16
Joseph Willock,AFC,eng,21,M(C),179,71,1(1),64,-,-,-,-,1,80,0.5,-,0.5,0.5,-,-,-,-,-,-,-,-,1,-,1,1.5,7.5,-,0.5,-,6.15
Bukayo Saka,AFC,eng,19,"D(L),M(L)",178,65,0(1),7,-,-,-,-,-,-,-,-,-,-,-,-,-,-,-,-,-,-,-,-,-,-,-,-,-,-,6.10
James Tarkowski,BFC,eng,27,D(C),185,81,35,3087,3,1,8,-,0.6,69.5,4.8,3,2,1.2,1,0.3,6.7,0.6,1.6,-,0.1,0.2,0.9,0.1,0.3,0.7,32.4,-,3.1,-,7.11
Dwight McNeil,BFC,eng,20,M(LR),183,68,19(2),1599,3,5,2,-,1.3,75.7,1,2,1.7,0.6,0.7,-,1.5,1.5,0.1,-,1.2,1.5,0.5,-,1.1,1.5,21.6,1.6,0.9,-,7.03
Kevin Long,BFC,ie,30,D(C),188,83,5(1),513,-,1,-,-,0.2,81,3.3,-,3,1.2,0.5,0.5,5.7,1.7,0.8,-,0.2,0.2,0.8,-,0.2,-,28,-,3.5,-,6.92
Ben Mee,BFC,eng,31,D(CL),180,74,38,3420,-,2,9,-,0.6,74.9,3.9,1,1.4,1.3,0.7,0.5,6.1,0.2,1.3,2,0.2,0.2,0.5,-,0.1,0.4,39.5,0.1,4.7,-,6.86
Ashley Westwood,BFC,eng,30,DMC,175,80,31(3),2822,2,7,5,-,0.6,76.4,0.6,1,1.7,1.4,0.9,-,1.2,0.7,0.3,-,1.2,0.2,0.6,-,0.5,0.9,41.7,0.9,3,0.1,6.80
Ben Gibson,BFC,eng,27,D(CL),185,78,1,63,1,-,1,-,1,66.7,2,-,1,-,2,-,2,-,1,-,-,-,-,-,-,-,33,-,1,-,6.78
Ashley Barnes,BFC,eng,30,"AM(CL),FW",186,77,26(11),2388,12,2,8,-,1.8,59.1,3.6,2,0.8,0.1,1.5,-,0.6,0.6,0.2,1,0.6,0.2,1.8,0.6,1.1,2.3,14,-,0.4,0.1,6.75
Charlie Taylor,BFC,eng,27,"D(L),M(L)",176,70,35(3),3240,-,1,2,-,0.2,72.5,1.9,-,1.4,1.1,0.4,0.3,2.2,0.7,0.9,-,0.3,1.1,1.3,-,0.4,1,30.9,0.6,2.2,-,6.75
Jóhann Gudmundsson,BFC,is,29,AM(CLR),186,78,19(10),1749,3,6,2,-,1.1,72.5,1.1,2,0.9,1.1,0.3,-,1.1,0.6,0.1,-,1.3,0.6,0.8,0.1,1,1.4,16.9,1.3,0.6,-,6.74
Chris Wood,BFC,nz,28,FW,191,81,29(9),2596,10,2,2,-,1.6,64.8,3.5,2,0.3,0.1,0.7,-,0.7,0.3,0.1,-,0.6,0.2,0.6,1.4,1.2,2.4,15.8,0.1,0.1,0.1,6.67
Phil Bardsley,BFC,sct,35,D(LR),180,74,19,1672,-,-,9,-,0.6,69,1.7,-,1.7,1.6,1.2,0.1,3.5,0.5,0.6,1,0.4,0.2,0.6,-,0.3,0.5,29.2,0.5,1.9,-,6.66
Stephen Ward,BFC,ie,35,D(L),184,82,3,230,-,-,1,-,0.3,74.3,1.3,-,1.3,1.3,0.7,0.3,4,1,0.3,-,0.3,0.7,1,-,-,-,37.7,-,0.7,-,6.65
Matthew Lowton,BFC,eng,31,"D(LR),M(R)",180,78,19(2),1748,-,-,7,-,0.2,69,1.2,-,2.7,1.4,1,0.1,3.4,1.3,0.3,-,0.4,0.6,0.6,-,0.5,0.3,30.4,0.3,3.4,-,6.64
Sam Vokes,BFC,wls,30,FW,186,90,10(10),916,3,-,-,-,1.1,50.7,6.3,-,0.2,-,0.7,-,0.9,-,0.1,-,0.4,0.2,0.5,0.4,0.7,1.4,13.4,-,0.1,-,6.63
Tom Heaton,BFC,eng,34,GK,188,85,19,1710,-,-,3,-,0.1,46.2,0.2,-,-,-,0.1,-,0.7,0.1,-,-,0.1,0.1,0.1,-,-,-,28.5,-,9.9,-,6.61
Joe Hart,BFC,eng,33,GK,196,91,19,1710,-,-,-,-,-,45,0.2,-,-,-,-,-,0.8,0.1,-,-,0.1,-,-,-,-,0.1,29.7,-,10.8,-,6.61
Jack Cork,BFC,eng,31,DMC,183,70,37,3313,1,2,6,-,0.5,81.2,1.4,-,1.4,0.8,0.8,-,2.1,0.8,0.4,-,0.5,0.8,1,0.1,1,1.2,35.9,0.1,2.1,0.1,6.58
Aaron Lennon,BFC,eng,33,M(LR),165,63,14(2),1217,1,1,1,-,0.3,78.8,0.1,1,1.6,0.6,0.8,-,0.8,0.5,-,-,0.4,0.4,1,-,0.8,0.9,17.4,0.2,0.3,-,6.38
Jeff Hendrick,BFC,ie,28,M(CR),185,79,25(7),2071,3,-,4,-,0.6,75.3,0.5,1,0.8,0.4,0.5,-,0.8,0.7,0.2,-,0.4,0.4,0.4,0.3,0.9,1,20.6,0.1,0.7,-,6.27
Peter Crouch,BFC,eng,39,FW,201,75,0(6),86,-,-,1,-,0.8,39.3,3,-,0.2,-,0.5,-,0.3,-,-,-,-,-,-,-,-,0.5,4.7,-,-,-,6.25
Robbie Brady,BFC,ie,28,"D(L),M(CLR)",176,71,6(10),718,-,1,3,1,0.8,62.3,0.7,-,0.9,0.4,0.8,-,0.9,0.7,0.1,-,0.9,0.4,0.3,-,0.6,0.8,13.9,0.7,0.6,0.1,6.25
Steven Defour,BFC,be,32,DMC,173,65,6,452,-,-,-,-,-,81.5,-,-,1.3,1.3,0.2,-,1,1.8,0.5,-,0.3,0.2,0.3,-,0.2,0.2,41.5,-,4.2,-,6.19
Matej Vydra,BFC,cz,28,"AM(CL),FW",180,71,3(10),313,1,1,1,-,0.5,64.4,0.4,-,0.2,0.1,0.5,-,0.5,0.2,0.1,-,0.2,0.2,0.1,0.2,0.6,1.4,5.6,-,0.1,-,6.17
Lucas Digne,EFC,fr,27,"D(CL),M(L)",178,74,33(2),2966,4,4,5,1,1,76,2.6,4,2,1.7,1.1,0.3,2.7,0.5,0.3,1,2,0.4,0.9,0.1,0.9,0.9,41.6,2.4,1.7,-,7.36
Gylfi Sigurdsson,EFC,is,31,"M(CLR),FW",186,79,36(2),3134,13,6,3,-,2.3,76.2,0.5,6,1.5,0.7,0.9,-,0.6,0.8,0.1,-,1.9,1,1,0.1,0.8,2.1,26.1,1.3,0.7,0.3,7.16
Idrissa Gueye,EFC,sn,31,M(C),174,66,32(1),2826,-,2,6,-,0.6,84.3,1,2,4.3,2.2,1.6,-,1.3,1.2,0.2,-,0.5,0.7,1.2,-,0.9,1,52.8,0.1,3.2,0.1,7.14
Michael Keane,EFC,eng,27,D(CR),191,82,33,2970,1,2,2,-,0.9,80.8,5.8,2,1.2,1.3,0.7,0.8,5.5,0.4,0.7,-,0.3,0.2,0.2,-,0.1,0.3,48.3,-,3.1,-,7.13
Richarlison,EFC,br,23,"AM(CLR),FW",184,83,32(3),2679,13,1,5,1,2.4,68.5,2,3,1.4,0.5,0.9,-,1.1,0.5,0.1,-,0.6,1.1,2.1,0.5,2.6,3.2,22.7,0.1,0.6,-,6.89
Séamus Coleman,EFC,ie,32,"D(R),M(R)",177,67,29,2560,2,2,1,-,0.5,78.1,1.6,-,1.5,0.9,0.8,0.2,2.6,0.4,0.2,1,0.8,0.7,0.7,0.1,0.8,1.5,41.2,0.6,1.4,-,6.88
Jonjoe Kenny,EFC,eng,23,"D(R),M(R)",176,67,8(2),790,-,1,1,-,0.3,72,2.3,-,2.1,1.7,1,0.7,3,0.8,0.2,-,0.6,0.5,0.1,-,0.9,0.7,42.8,0.4,1.8,-,6.78
Kurt Zouma,EFC,fr,25,D(CR),190,96,29(3),2613,2,2,3,1,0.6,83.6,3.1,-,1,1.7,0.6,0.6,3.8,0.2,0.4,-,0.2,0.2,0.5,0.1,0.4,0.5,45.1,-,3.2,-,6.78
Morgan Schneiderlin,EFC,fr,30,DMC,181,75,10(4),835,-,1,2,-,0.2,88.6,1.4,1,1.7,1.1,1.5,-,1.1,0.6,0.2,-,0.6,0.1,0.5,-,0.5,0.9,38.9,0.1,1.9,0.1,6.71
André Gomes,EFC,pt,27,M(CLR),188,84,24(3),1986,1,1,7,-,0.8,84.8,1.4,-,1.4,0.7,1.8,-,0.7,1.7,0.1,-,0.2,1.5,1,-,1.9,1.3,44.4,0.1,3.5,-,6.65
Dominic Calvert-Lewin,EFC,eng,23,"AM(L),FW",187,71,19(16),1776,6,2,3,-,1.5,61.7,3.2,-,0.4,0.2,1,-,0.5,0.2,0.1,-,0.3,0.6,0.9,0.2,1.2,1.9,12.2,0.1,0.3,-,6.61
Mason Holgate,EFC,eng,23,"D(CR),M(R)",184,63,4(1),407,-,-,1,-,-,76.7,2.8,-,1,0.6,0.4,1,6.2,-,0.4,-,-,0.4,1.4,0.2,0.4,0.2,50.6,-,5.2,-,6.61
Bernard,EFC,br,28,AM(CL),166,57,25(9),2129,1,3,5,-,0.7,75.3,0.1,-,1.4,0.8,0.5,-,0.4,1.2,0.1,-,1.2,1.2,0.8,0.1,1.2,2.2,23.7,0.4,0.5,0.1,6.60
Yerry Mina,EFC,co,26,D(C),195,94,10(3),893,1,-,3,-,0.3,84.1,2.9,-,1.1,0.6,1,0.5,3.8,0.2,0.4,-,0.2,-,0.4,0.1,0.2,0.5,38.8,-,2.8,-,6.57
Theo Walcott,EFC,eng,31,"M(CLR),FW",176,68,24(13),2124,5,2,1,-,1.2,72.6,0.4,-,0.7,0.6,0.3,-,0.2,0.4,-,-,0.6,0.8,0.7,0.5,1,2.1,15.6,0.3,0.2,-,6.51
Jordan Pickford,EFC,eng,26,GK,185,77,38,3420,-,-,1,-,-,55.7,0.3,2,-,-,-,-,0.9,-,-,-,-,-,0.1,-,-,0.1,29.4,-,7.5,-,6.50
Phil Jagielka,EFC,eng,38,D(CR),180,87,4(3),330,1,-,-,1,0.1,74.5,2,-,1,0.3,0.3,0.6,1.9,0.4,-,-,0.3,-,0.4,-,-,0.3,27.4,-,1.6,-,6.48
Ademola Lookman,EFC,eng,22,"AM(CLR),FW",174,71,3(18),602,-,2,-,-,0.6,84.6,0.3,-,0.7,0.3,0.4,-,0.1,0.1,-,-,0.5,1.1,1,0.1,1.2,0.9,12,0.2,0.1,-,6.47
Cenk Tosun,EFC,tr,29,FW,183,78,10(15),1050,3,3,3,-,1.5,70.5,1.5,-,0.5,0.2,0.7,-,0.1,0.4,-,-,0.5,0.1,0.6,0.3,0.8,1.6,10.3,-,0.3,-,6.44
Tom Davies,EFC,eng,22,M(C),180,70,10(6),976,-,-,3,-,0.4,80,0.5,-,1.7,1,1.3,-,0.6,1,0.1,-,0.3,0.8,1.1,0.1,0.5,1.7,31.6,-,1.9,0.1,6.40
James McCarthy,EFC,ie,29,M(C),180,72,0(1),14,-,-,-,-,-,100,-,-,2,1,-,-,-,-,-,-,-,-,-,-,-,-,6,-,-,-,6.36
Leighton Baines,EFC,eng,35,"D(L),M(L)",170,74,5(1),376,-,-,-,-,0.3,82.2,0.3,-,1.3,0.3,0.3,-,1.2,0.3,-,-,0.7,-,0.2,0.2,0.2,0.2,31.8,1,1.2,-,6.29
Oumar Niasse,EFC,sn,30,FW,182,75,0(5),58,-,-,-,-,0.6,59.1,0.6,-,-,-,0.6,-,-,0.2,-,-,0.2,0.2,0.2,0.2,1.2,0.6,4.4,-,-,-,6.06
Ricardo Pereira,LC,pt,27,"D(LR),M(R)",175,70,35,3125,2,6,7,-,0.7,78,1.9,4,3.4,1.7,1.2,0.2,3,1.7,0.2,-,0.9,1.9,1.4,0.1,1,1.5,43.8,0.4,1.2,-,7.34
Onyinye Wilfred Ndidi,LC,ng,23,DMC,183,74,37(1),3299,2,-,8,-,1.4,79.9,3.4,3,3.8,2.2,1.2,0.1,2.1,1.3,0.2,-,0.6,0.9,0.6,0.1,0.9,1.5,52.2,-,2.4,0.1,7.21
James Maddison,LC,eng,23,AM(CLR),175,73,35(1),2850,7,7,3,1,2.3,83.8,0.3,3,1.3,0.3,0.7,-,0.1,1.2,0.1,-,2.8,1.4,2.2,0.1,1.1,1.3,39,1.9,2.2,0.3,7.20
Youri Tielemans,LC,be,23,M(C),176,72,13,1092,3,4,2,-,2.4,85,0.9,-,1.3,0.4,0.8,-,0.8,0.9,0.2,-,1.2,0.9,1.2,-,1.2,1.4,49.3,0.2,3.4,0.5,7.14
Ben Chilwell,LC,eng,23,"D(L),M(L)",178,77,36,3240,-,4,4,-,0.6,72.3,3.1,4,1.5,1.1,0.9,0.3,3.6,0.9,0.2,-,1.3,1.4,1.2,0.1,1.3,2,46.8,0.6,1.2,-,7.04
Harry Maguire,LC,eng,27,D(C),194,100,31,2599,3,-,6,1,1,85.6,3.8,2,1,1.2,0.6,0.8,4.9,0.2,0.6,-,0.4,0.5,0.5,0.1,0.2,0.7,56.4,-,6.2,-,7.01
Jamie Vardy,LC,eng,33,"AM(L),FW",179,74,30(4),2733,18,4,3,1,2.3,65.6,2,3,0.4,0.2,0.6,-,0.8,0.4,-,-,0.9,0.4,0.6,1.1,0.6,1.5,12.2,0.2,0.2,-,6.94
Jonny Evans,LC,nir,32,D(CL),188,77,21(3),1995,1,-,2,-,0.5,84.7,3,-,1,1.4,0.9,0.8,6.1,0.2,0.4,-,0.2,-,0.7,-,0.2,0.3,42.9,-,2.8,-,6.88
Wes Morgan,LC,jm,36,D(C),186,101,21(1),1926,3,-,1,2,0.6,80.8,4.2,1,1.2,1.5,0.8,0.7,4.7,-,0.5,-,0.1,0.1,0.3,0.1,-,0.6,40.5,-,1.6,-,6.87
Hamza Choudhury,LC,eng,23,DMC,178,64,7(2),597,-,-,-,-,0.4,84.6,0.6,-,2.7,1.7,0.8,-,1.3,0.7,0.3,-,0.6,0.2,0.2,-,0.2,0.8,26.7,0.1,1.1,-,6.76
Harvey Barnes,LC,eng,22,AM(CL),174,66,11(5),1010,1,2,-,-,2.5,77.2,0.4,-,0.6,0.2,0.4,-,0.3,0.1,0.1,-,1.1,1.9,0.4,0.1,0.9,1.8,19.4,0.2,0.1,-,6.70
Daniel Amartey,LC,gh,25,"D(CR),DMC",186,79,7(2),641,-,-,2,-,0.4,85.2,1.6,-,2,1.8,0.7,0.2,2.8,0.6,0.4,-,0.3,0.2,0.1,0.1,0.4,0.3,41.2,-,2.2,-,6.69
Marc Albrighton,LC,eng,30,M(LR),175,74,18(9),1627,2,2,3,-,0.7,65.9,0.6,-,1.3,0.9,0.4,-,0.9,0.7,0.1,-,1.1,0.7,0.7,0.1,0.9,1.3,23,0.8,1.7,-,6.68
Christian Fuchs,LC,at,34,"D(CL),M(L)",187,89,2(1),206,-,-,-,-,0.7,83.1,1,-,1.3,1.3,1,0.3,2.3,0.3,-,-,2,0.3,0.7,-,0.3,1.3,39.3,1.3,2.3,-,6.59
Danny Simpson,LC,ie,33,D(R),176,80,3(3),291,-,-,-,-,-,70.9,1.3,-,1.8,1,0.3,-,2.5,0.3,0.5,-,0.2,-,-,-,0.3,0.2,18.3,-,1.2,-,6.58
Kasper Schmeichel,LC,dk,33,GK,189,89,38,3420,-,-,3,-,-,65.5,0.3,-,-,0.1,-,-,0.8,-,-,-,-,-,0.1,-,-,-,29.4,-,9.2,-,6.54
Demarai Gray,LC,eng,24,"AM(CLR),FW",180,74,23(11),1996,4,1,2,-,1.4,77.6,0.3,-,0.7,0.3,0.4,-,0.4,0.3,-,-,0.5,1.2,0.4,0.1,1.1,1.7,19.3,0.1,0.6,-,6.51
Rachid Ghezzal,LC,dz,28,AM(CLR),182,70,8(11),739,1,-,3,-,1,79.4,0.5,-,0.7,0.4,0.7,-,0.2,0.8,0.1,-,0.8,1,0.4,-,1.1,1.2,22.2,0.8,1,0.1,6.43
Nampalys Mendy,LC,fr,28,M(C),167,73,23(8),2089,-,-,5,-,0.1,88.8,0.3,-,1.1,0.8,0.7,-,0.7,0.5,0.3,-,0.2,0.5,1.2,-,0.5,1,35.2,0.1,1.6,-,6.37
Çaglar Söyüncü,LC,tr,24,D(C),185,82,4(2),372,-,-,1,-,0.3,83.6,2.7,-,0.8,1.2,1.5,1,3.7,0.5,0.8,-,-,0.3,0.3,-,0.2,0.3,36.7,0.2,1.2,-,6.32
Kelechi Iheanacho,LC,ng,24,"AM(C),FW",185,82,9(21),931,1,3,2,-,0.6,76.4,0.5,-,0.2,0.1,0.5,-,0.1,0.1,-,-,0.4,0.3,0.2,0.3,0.7,1,9.2,-,0.2,0.1,6.22
Vicente Iborra,LC,es,32,M(C),190,80,3(5),226,-,-,-,-,0.3,86.4,1,-,0.4,1,0.8,-,0.4,0.9,-,-,0.1,-,0.1,-,0.5,-,18.4,-,2.1,0.1,6.20
Adrien Silva,LC,pt,31,M(C),175,69,1(1),88,-,-,-,-,-,86.1,-,-,1,0.5,-,-,0.5,1,-,-,-,0.5,1,-,1.5,1.5,39.5,-,3.5,-,6.20
Fousseni Diabaté,LC,ml,24,"AM(LR),FW",175,60,1,55,-,-,-,-,-,57.1,1,-,2,-,-,-,-,1,-,-,1,-,1,1,-,1,14,1,-,-,6.19
Shinji Okazaki,LC,jp,34,"AM(CLR),FW",174,70,1(20),271,-,1,-,-,0.2,74.5,0.4,-,0.2,0.1,0.3,-,-,-,-,-,-,0.1,0.2,0.1,0.3,0.9,4.5,-,0.1,-,6.10
Fabian Schär,NUFC,ch,28,D(C),188,84,22(2),2004,4,1,12,-,1,68.1,2.7,6,2.5,2.8,1.2,0.4,5.7,1.1,0.7,-,0.5,0.6,0.8,-,0.4,0.5,41.4,0.1,5.6,-,7.30
Ciaran Clark,NUFC,ie,31,D(CL),185,88,9(2),858,3,-,1,-,0.6,75,3.9,1,1.8,1.1,0.5,0.4,5.2,0.3,0.6,-,0.2,-,0.5,-,0.2,0.2,27.6,-,1.5,-,7.06
Salomón Rondón,NUFC,ve,31,FW,186,98,30(2),2609,11,7,1,-,2.8,69.9,4.6,1,0.3,0.2,0.7,-,1.2,0.6,0.1,-,1,0.6,0.8,0.6,2.4,3.1,23,0.1,0.3,0.1,7.05
Isaac Hayden,NUFC,eng,25,DMC,185,79,21(4),1864,1,4,3,1,0.9,79.4,2.2,2,2.9,1.6,1.3,0.1,1.1,0.7,0.2,-,0.9,0.5,0.6,-,1,1.3,28.8,0.2,1,0.1,6.96
Florian Lejeune,NUFC,fr,29,D(C),189,89,12,1055,-,-,-,-,0.6,76.2,2.6,-,2.1,1.8,0.9,0.3,3.7,1.1,0.4,-,0.5,0.3,0.4,-,-,0.8,46.9,0.1,6.8,0.1,6.95
Matt Ritchie,NUFC,sct,31,"D(L),M(CLR)",172,76,35(1),2940,2,8,9,-,1.1,73.1,1,1,1.9,1.4,1.5,0.1,1.7,0.8,0.3,-,1.7,0.4,1.1,-,0.5,1.3,30.5,1.9,1.6,-,6.95
Ayoze Pérez,NUFC,es,27,"AM(CLR),FW",178,72,34(3),2928,12,2,2,-,1.5,75.9,0.7,3,1.6,1.1,1.2,-,0.8,1.2,0.1,-,1.2,1.2,1.1,0.2,2.1,2.7,21.1,0.1,0.7,0.1,6.95
Sean Longstaff,NUFC,eng,22,DMC,180,65,8(1),688,1,-,2,-,0.9,80.9,1,-,1.9,1.1,0.8,-,0.8,1.7,0.4,-,0.6,0.6,0.9,-,0.7,0.4,32.6,0.2,3.3,-,6.86
Jonjo Shelvey,NUFC,eng,28,M(C),184,80,10(6),944,1,1,1,-,1.4,71,0.9,-,1.4,0.4,1,-,0.8,0.6,0.2,-,1.6,0.6,0.3,-,0.3,0.5,39.3,0.9,5.4,0.1,6.80
Jamaal Lascelles,NUFC,eng,26,D(C),188,89,32,2748,-,1,4,-,0.3,76.7,2.9,-,1,1.2,0.5,0.5,6.6,0.1,0.9,-,0.1,-,0.3,-,0.2,0.3,34.5,-,2.3,-,6.80
Miguel Almirón,NUFC,py,26,"AM(CLR),FW",174,70,9(1),763,-,-,-,-,1.9,74.7,0.1,-,2,0.8,0.6,-,0.4,0.6,0.1,-,1.3,0.7,1.7,0.4,0.6,2.2,24.1,0.7,0.8,0.1,6.76
Paul Dummett,NUFC,wls,29,D(CL),183,82,21(5),1987,-,-,1,-,0.3,71.1,2.3,-,1.3,1.4,0.4,0.4,4.7,0.5,0.4,-,0.2,0.1,0.4,-,-,0.4,29.2,0.3,2,-,6.74
Federico Fernández,NUFC,ar,31,D(C),190,83,17(2),1484,-,1,2,-,0.2,78.9,2,-,0.8,1.3,0.6,0.3,5.4,0.4,0.6,-,0.3,-,0.4,0.1,0.2,0.4,32.2,0.1,3.8,-,6.62
Martin Dubravka,NUFC,sk,31,GK,190,80,38,3420,-,-,1,-,-,53.4,0.4,1,0.1,-,-,-,0.9,0.1,-,-,-,-,0.1,-,-,-,27.2,-,7.4,-,6.62
Javier Manquillo,NUFC,es,26,"D(LR),M(R)",178,76,12(6),1100,-,3,2,-,0.1,69.9,1.1,-,1.5,0.9,0.7,0.1,2.7,0.3,0.1,-,0.5,0.3,0.4,0.1,0.5,1.2,19.6,0.2,0.7,-,6.59
Ki Sung-Yueng,NUFC,kr,31,DMC,189,75,14(4),1302,-,1,2,-,0.5,85.1,0.8,-,0.8,1.1,0.6,-,1.1,0.5,0.1,-,0.9,0.3,0.9,-,0.6,0.7,33.2,0.8,2.9,-,6.57
Mohamed Diamé,NUFC,sn,33,M(CLR),184,86,24(5),2166,-,-,3,-,0.7,77.2,1.2,-,2.7,1,1.2,-,1.2,1.3,0.3,-,0.1,0.6,0.7,-,1.3,1.1,25.3,-,1.3,-,6.57
Kenedy,NUFC,br,24,"D(L),M(L)",182,77,14(11),1345,1,1,1,-,1.2,72.3,0.3,1,1.2,1.3,0.8,-,0.8,0.7,-,-,0.4,1.2,0.9,0.2,1.6,1.7,18.5,0.4,0.7,-,6.53
DeAndre Yedlin,NUFC,us,27,"D(R),M(R)",172,75,28(1),2475,1,2,6,1,0.4,71.6,1,-,1.9,1,1.4,0.2,2.4,0.8,0.3,1,1,0.3,0.4,0.1,0.3,1.2,25.2,0.6,0.9,-,6.50
Christian Atsu,NUFC,gh,28,AM(CLR),165,65,15(13),1488,1,-,2,-,1,82.2,0.4,-,0.9,0.3,0.5,-,0.5,0.4,0.1,-,0.6,0.9,0.9,0.1,1.1,1.7,13.7,0.3,0.4,-,6.44
Joselu,NUFC,es,30,FW,192,80,5(11),587,2,-,1,-,1.1,62,2.7,-,0.9,0.2,0.3,-,0.9,0.3,-,-,0.1,0.1,0.4,0.3,1,1.1,13,-,0.3,0.1,6.41
Jacob Murphy,NUFC,eng,25,M(LR),179,74,3(6),300,-,1,-,-,0.2,65.9,0.4,-,0.7,0.1,0.4,-,0.7,0.2,0.2,-,0.1,0.3,-,0.1,0.3,1.1,4.9,0.3,0.4,-,6.25
Yoshinori Muto,NUFC,jp,28,FW,178,72,5(12),519,1,-,1,-,0.4,70.8,0.6,-,0.5,0.4,0.8,-,0.2,0.3,-,-,0.3,0.5,0.6,0.1,0.7,0.9,6.6,-,0.1,-,6.23
Antonio Barreca,NUFC,it,25,"D(L),M(L)",180,70,0(1),4,-,-,-,-,-,50,-,-,-,-,-,-,-,-,-,-,-,-,-,-,-,-,2,-,-,-,5.99
Aaron Wan-Bissaka,CP,eng,22,"D(R),M(R)",183,72,35,3135,-,3,4,1,0.3,73,1.2,3,3.7,2.4,0.7,0.3,3.7,0.3,0.5,-,0.4,1.7,0.5,0.1,1.1,1.2,33.3,0.3,1,-,7.27
Wilfried Zaha,CP,ci,27,"AM(LR),FW",180,66,34,3041,10,5,8,1,2.1,77.3,0.3,6,1.1,0.3,1.3,-,-,0.6,-,-,1.6,3.4,3,0.5,4.2,3.6,29.6,0.3,0.7,0.1,7.21
Luka Milivojevic,CP,rs,29,DMC,186,80,38,3420,12,2,10,-,1.5,80,1.4,2,2.4,1.9,1.6,-,1.7,1.4,0.4,-,1.6,0.3,1,-,0.5,0.7,52.3,1.4,3.4,-,7.19
Andros Townsend,CP,eng,29,"AM(LR),FW",181,77,34(4),3018,6,4,1,-,1.7,78.8,0.1,2,1.6,1,0.3,-,0.4,1.4,0.1,-,1.6,1.5,1.5,0.2,2,2.1,27,1,0.8,-,6.98
Michy Batshuayi,CP,be,27,FW,184,74,9(2),757,5,-,-,-,2.5,65,1.1,-,0.2,0.3,0.6,-,-,0.1,0.3,-,0.2,0.8,0.2,1.1,1.1,1.5,14.8,-,0.7,-,6.86
James Tomkins,CP,eng,31,D(CR),192,74,29,2563,1,1,6,-,0.8,83,3.1,-,1.2,1.2,0.6,0.6,6.2,0.4,0.3,-,0.2,0.1,0.4,-,0.1,0.3,38.3,-,4.3,-,6.85
James McArthur,CP,sct,33,M(CLR),178,75,36(2),3072,3,6,7,-,0.9,79.3,1.3,1,2.2,1,1.6,0.1,1.2,1.3,0.6,-,0.8,0.5,1,0.1,0.9,1.4,36.8,0.1,1.7,0.1,6.80
Joel Ward,CP,eng,30,"D(LR),DMC,M(R)",188,83,6(1),551,1,-,1,-,0.3,72.6,2.6,-,1.7,1.4,1.1,0.1,4.4,1,-,-,0.3,0.1,0.9,0.1,0.6,0.7,27.1,-,1.3,-,6.74
Scott Dann,CP,eng,33,D(C),188,76,7(3),661,-,1,1,-,0.6,72.7,2.6,-,0.6,0.5,0.4,0.3,4.4,0.4,1.2,-,0.2,0.3,-,-,0.1,0.1,26.4,-,1.4,-,6.74
Vicente Guaita,CP,es,33,GK,190,81,20,1755,-,-,2,-,-,42.5,0.4,2,-,-,0.1,-,1,-,-,-,-,-,0.3,-,-,-,25,-,6.3,-,6.74
Mamadou Sakho,CP,fr,30,D(C),187,83,27,2417,-,-,2,-,0.1,88.6,1.9,-,0.9,1.5,0.2,0.6,4.9,0.3,0.6,-,0.2,0.3,0.5,-,0.2,0.4,48.9,-,2.2,-,6.72
Patrick van Aanholt,CP,nl,30,"D(L),M(L)",176,74,36,3198,3,2,3,-,1.3,79.8,0.3,-,1.3,1.1,0.3,0.2,2.3,0.4,0.3,-,1,0.6,0.4,0.3,0.4,1,44.7,0.3,1.9,0.1,6.71
Jeffrey Schlupp,CP,gh,27,"D(L),M(CL)",178,72,18(12),1667,4,1,1,-,0.9,75.9,1.8,1,1.4,0.6,0.8,-,0.7,0.6,0.3,-,0.5,0.7,0.5,-,0.8,1,21,0.1,0.5,-,6.66
Christian Benteke,CP,be,29,FW,190,83,9(7),813,1,1,1,-,1.6,56.9,5.6,1,0.3,-,1.1,-,0.9,0.2,0.1,-,0.6,0.3,0.6,0.6,0.9,1.7,14.9,-,0.4,-,6.66
Martin Kelly,CP,eng,30,D(CLR),191,77,12(1),1111,-,-,2,-,0.2,75.4,2.7,-,1.6,0.8,0.5,0.2,6.5,0.4,0.9,1,0.1,-,0.1,-,0.1,0.4,27.5,0.1,2.8,-,6.63
Cheikhou Kouyaté,CP,sn,30,"D(CR),DMC",189,83,21(10),1897,-,2,3,-,0.6,80.1,2.1,-,1.9,0.5,1.1,0.1,1,0.8,0.4,-,0.5,0.4,0.5,0.1,0.7,0.8,24.7,-,0.6,-,6.61
Wayne Hennessey,CP,wls,33,GK,198,90,17(1),1576,-,-,-,-,-,46.7,0.6,1,-,-,-,-,0.9,0.1,-,-,-,-,0.1,-,-,0.1,25,-,6.5,-,6.56
Jordan Ayew,CP,gh,29,"AM(CLR),FW",182,80,14(6),1187,1,2,3,-,1.4,77.7,1.6,1,1.9,0.4,1.6,-,0.3,0.7,-,-,0.8,0.6,1.3,0.5,1.6,2.4,13.3,-,0.3,-,6.50
Max Meyer,CP,de,25,"M(CLR),FW",173,67,15(14),1415,1,2,3,-,1.3,83.9,0.1,-,1.1,0.5,0.3,-,0.6,0.3,-,-,0.8,0.4,0.6,-,0.7,1,22.9,0.1,0.6,-,6.49
Connor Wickham,CP,eng,27,"AM(L),FW",191,90,0(6),61,-,1,-,-,0.8,45.5,1.2,-,-,-,0.5,-,0.3,-,-,-,0.7,-,-,-,0.3,0.7,1.8,-,-,-,6.16
Alexander Sørloth,CP,no,24,FW,195,90,0(12),173,-,-,-,-,0.3,64.4,1.5,-,0.2,-,0.3,-,0.3,0.1,-,-,0.3,0.2,0.2,-,0.3,0.5,4.9,-,-,-,6.16
Jason Puncheon,CP,eng,34,M(CLR),173,70,0(5),11,-,-,-,-,-,75,-,-,0.2,-,0.6,-,-,-,-,-,-,-,-,-,0.2,-,2.4,-,-,-,6.02
Luke Dreher,CP,eng,21,Midfielder,184,76,0(1),1,-,-,-,-,-,100,-,-,-,-,-,-,-,-,-,-,-,-,-,-,-,-,3,-,-,-,6.00
Pape Souaré,CP,sn,30,"D(L),M(L)",178,69,0(1),1,-,-,-,-,-,100,-,-,-,1,-,-,-,-,-,-,-,-,1,-,-,-,3,-,1,-,6.00
Bakary Sako,CP,ml,32,"M(L),FW",183,85,0(4),26,-,-,-,-,-,80,-,-,0.5,-,0.3,-,-,-,-,-,-,-,-,0.3,0.5,0.5,2.5,-,0.3,-,5.96
Julian Speroni,CP,ar,41,GK,186,87,1,90,-,-,-,-,-,37.5,1,-,-,-,-,-,1,-,-,-,-,-,-,-,-,2,32,-,10,-,5.45
Ryan Fraser,BOU,sct,26,M(CLR),163,70,35(3),3173,7,14,2,-,1.3,76.9,0.3,5,0.5,0.6,0.2,-,0.5,0.6,0.2,-,2.4,0.6,1.8,0.3,0.7,1.4,31.4,2,0.7,0.1,7.08
Mark Travers,BOU,ie,21,GK,191,82,2,180,-,-,-,-,-,65.1,-,-,-,-,-,-,1,-,-,-,-,-,-,-,-,-,21.5,-,3.5,-,7.08
Callum Wilson,BOU,eng,28,FW,180,66,29(1),2535,14,9,3,-,2.2,67.1,1.5,4,0.3,0.1,1.4,-,0.5,0.3,0.1,-,1,0.6,1.1,0.6,1.5,3.2,14.7,0.2,0.1,-,6.99
Jefferson Lerma,BOU,co,25,"D(R),DMC",179,70,29(1),2511,2,-,12,-,1,83.2,2.5,-,1.5,1.8,1.4,-,2.8,1.3,0.6,1,0.5,0.7,1.7,0.1,0.7,0.8,52,0.1,2.3,0.1,6.97
Steve Cook,BOU,eng,29,D(C),185,82,31,2787,1,1,3,-,0.7,79.3,4.1,1,1.2,1.6,0.6,0.7,6.4,0.2,0.7,1,0.4,0.2,0.9,-,-,0.2,48.4,0.1,3.4,-,6.96
Joshua King,BOU,no,28,"AM(CLR),FW",180,74,34(1),2974,12,3,3,-,2.1,72,2.5,5,0.9,0.2,1.5,-,0.4,0.6,0.1,-,1.1,1.9,1.3,0.2,2.7,3.2,23,0.2,0.3,0.1,6.96
Nathan Aké,BOU,nl,25,"D(CL),DMC",180,75,38,3412,4,-,3,-,0.7,86,2.3,1,1.7,0.8,0.7,0.8,6.1,0.3,0.9,-,0.2,0.1,0.6,0.1,0.2,0.5,44.6,0.1,1.9,-,6.86
David Brooks,BOU,wls,23,AM(CR),173,62,29(1),2278,7,5,3,-,1.4,73.1,0.2,1,1.2,0.8,0.5,-,0.8,0.8,0.2,-,1,0.8,1.5,0.1,1.4,1.9,28.5,0.3,0.7,0.2,6.83
Simon Francis,BOU,eng,35,D(CR),183,90,13(4),1230,-,2,1,-,0.2,73.3,2.8,-,1.5,1.1,0.6,0.2,3.9,0.7,0.4,-,0.6,0.3,0.5,0.2,0.4,0.8,38.5,0.6,1.8,-,6.77
Artur Boruc,BOU,pl,40,GK,193,87,12,1080,-,-,2,-,-,57,0.2,1,0.1,-,-,-,0.4,0.2,-,-,-,-,-,-,-,-,23.8,-,5.8,-,6.72
Adam Smith,BOU,eng,29,"D(LR),M(R)",180,78,25,2073,1,1,5,1,0.3,82,1.1,-,1.8,1.2,0.7,0.2,2.3,0.9,0.3,-,0.4,0.8,1.7,-,0.4,1,34.9,0.2,0.9,-,6.71
Dan Gosling,BOU,eng,30,M(C),183,79,19(6),1738,2,1,8,-,0.8,79.6,1.4,-,2.3,0.8,1.2,-,1.8,1,0.4,-,0.4,0.5,1,0.1,0.8,0.8,38.8,-,1.9,0.1,6.69
Dominic Solanke,BOU,eng,23,FW,187,80,2(8),342,-,1,-,-,1.1,71.7,1.5,-,0.8,0.2,0.2,0.1,0.9,0.7,0.1,-,0.8,1,0.9,0.1,0.9,1.5,9.9,-,0.2,-,6.50
Chris Mepham,BOU,wls,22,D(C),191,84,10(3),850,-,1,1,-,0.2,79.8,2.4,-,0.7,1.1,0.5,0.4,4.4,0.3,0.4,-,0.2,0.2,0.3,-,0.2,0.4,31.2,-,1.3,-,6.47
Emerson Hyndman,BOU,us,24,M(CL),170,61,0(1),37,-,-,-,-,-,69.6,-,-,6,1,-,-,-,1,-,-,-,-,-,-,1,1,23,-,-,-,6.46
Charlie Daniels,BOU,eng,34,"D(L),M(L)",178,75,17(4),1586,1,-,4,-,0.6,78.7,1.4,-,1.2,1,0.3,0.3,2,0.4,0.2,-,0.5,0.6,0.3,-,0.3,0.6,40,0.4,1.9,-,6.45
Nathaniel Clyne,BOU,eng,29,"D(LR),M(R)",175,67,13(1),1146,-,1,2,-,0.1,75.2,0.4,-,2.4,1.1,0.6,0.1,1.9,0.9,0.2,-,0.3,0.3,0.2,-,0.7,0.6,32.8,0.3,1.1,0.1,6.43
Jack Simpson,BOU,eng,23,D(C),178,83,4(2),403,-,-,-,-,0.3,82.2,2.3,-,1.5,1.5,0.5,0.7,3.7,0.5,0.7,1,-,-,0.2,-,0.3,0.2,39.3,-,1.3,-,6.41
Junior Stanislas,BOU,eng,30,M(CLR),183,76,11(12),1027,2,3,1,-,1.5,77.4,0.4,-,0.5,0.1,0.3,-,0.7,0.2,-,-,0.7,0.5,0.4,0.1,0.4,0.9,21.6,0.3,0.5,0.1,6.40
Tyrone Mings,BOU,eng,27,D(CL),196,77,2(3),142,-,-,-,-,-,83.9,0.6,-,0.8,1.2,-,0.2,1.6,0.2,0.4,-,0.2,0.4,0.2,-,0.2,0.4,17.4,0.2,0.4,-,6.37
Lewis Cook,BOU,eng,23,M(CL),175,71,8(5),722,-,-,2,-,0.3,83.2,0.4,-,1,0.6,0.9,-,0.5,0.8,0.2,-,0.2,0.8,0.4,-,0.7,0.9,30.2,-,1.8,0.1,6.36
Diego Rico,BOU,es,27,"D(L),M(L)",183,76,5(7),606,-,-,1,-,0.8,72.6,0.6,-,1.2,1.2,0.8,0.1,1.4,0.7,0.2,-,0.9,0.3,0.9,-,0.4,0.3,23.8,0.9,0.7,-,6.36
Jordon Ibe,BOU,eng,24,M(CLR),176,81,9(10),796,1,1,1,-,0.5,78,0.1,-,0.3,0.2,0.4,-,0.2,0.3,-,-,0.5,1.4,0.5,-,0.9,1.2,13.2,0.5,0.3,0.1,6.33
Andrew Surman,BOU,za,34,M(CL),178,73,16(2),1439,-,-,2,-,0.5,87,1.1,-,0.6,0.6,0.4,0.1,1.8,0.6,0.4,-,0.6,0.2,0.3,-,0.2,0.8,46.6,0.1,2.7,0.1,6.33
Asmir Begovic,BOU,ba,33,GK,199,101,24,2160,-,-,-,-,-,60.8,0.5,-,-,-,-,-,0.8,0.1,-,-,-,-,0.1,-,-,0.1,22.1,-,5.7,-,6.25
Lys Mousset,BOU,fr,24,FW,184,80,1(23),351,1,-,1,-,0.5,71.9,0.4,-,0.1,-,0.3,-,0.1,0.1,-,-,0.2,0.4,0.2,0.2,0.2,0.8,5,-,-,-,6.11
Sam Surridge,BOU,eng,22,FW,191,77,0(2),11,-,-,-,-,1,60,-,-,0.5,-,-,-,-,-,-,-,0.5,-,0.5,-,-,-,2.5,-,-,-,6.09
Jermain Defoe,BOU,eng,38,"AM(R),FW",171,65,0(4),22,-,-,-,-,0.3,33.3,-,-,-,-,-,-,-,-,-,-,-,-,-,-,-,0.3,0.8,-,-,-,5.98
Felipe Anderson,WHUFC,br,27,"M(CLR),FW",175,70,36,3054,9,4,3,-,1.6,76,0.3,6,2.5,1.1,0.8,-,0.3,1.9,-,-,1.8,2.1,1.4,0.1,1.5,2.7,46.3,0.9,2.4,0.3,7.23
Lukasz Fabianski,WHUFC,pl,35,GK,190,83,38,3420,-,-,-,-,-,49.7,0.3,1,-,-,-,-,0.7,0.1,-,-,0.1,0.1,0.2,-,-,-,28.2,-,8.5,-,7.02
Fabián Balbuena,WHUFC,py,29,D(C),188,82,23,2014,1,-,2,-,0.8,79.4,3,1,1.7,2.3,0.8,0.6,7.5,1.1,0.6,-,0.1,-,0.2,-,0.1,0.2,36.2,-,2.2,-,6.98
Declan Rice,WHUFC,eng,21,"D(C),DMC",185,76,34,3005,2,-,4,-,0.6,86.4,1.6,2,2.9,1.5,0.5,-,1.6,1.5,0.4,-,0.3,0.8,0.2,-,0.6,0.6,44.6,-,2.9,-,6.93
Michail Antonio,WHUFC,eng,30,"D(R),M(CLR),FW",180,82,22(11),2101,6,4,3,-,2,68.1,2.4,2,0.7,0.5,1,0.1,0.6,0.2,0.1,-,0.7,1.8,1.3,0.3,2.1,2.5,20.2,0.2,0.8,0.1,6.92
Arthur Masuaku,WHUFC,cd,26,"D(L),M(L)",179,70,19(4),1758,-,1,2,-,0.2,83.3,0.9,1,2.5,1.6,0.7,0.7,2.4,1.1,0.3,-,0.6,1.6,0.2,-,1.2,1,38.3,0.2,2.2,-,6.90
Issa Diop,WHUFC,fr,23,D(C),194,92,33,2970,1,-,4,-,0.4,86,2.3,1,2.1,1.9,0.5,1.1,4.7,0.6,1.1,1,0.1,0.2,0.5,0.1,-,0.4,34.4,-,1.6,-,6.89
Marko Arnautovic,WHUFC,at,31,"AM(CLR),FW",192,83,24(4),2001,10,4,3,-,2.2,74.7,0.9,2,0.3,0.1,1.1,-,0.2,0.2,0.1,-,1.3,0.7,0.4,0.8,1.1,1.7,22.9,0.2,0.4,0.1,6.84
Robert Snodgrass,WHUFC,sct,33,M(CLR),182,82,25(8),2224,2,5,10,-,0.9,82.1,0.8,3,1.3,0.3,1.1,0.1,0.5,1,0.1,-,1.8,1,1.5,0.1,1.3,1.8,29.4,1.8,0.8,0.1,6.78
Ryan Fredericks,WHUFC,eng,28,"D(R),M(R)",181,74,12(3),1086,1,-,5,-,0.3,70.9,1.3,1,2.5,0.9,0.6,0.3,2.6,0.7,0.3,-,0.2,0.8,0.7,0.1,0.1,0.6,29.1,0.3,0.9,-,6.76
Pablo Zabaleta,WHUFC,ar,35,"D(R),DMC,M(R)",176,74,23(3),2092,-,1,4,-,0.3,76.7,1.8,-,1.8,1.8,0.7,0.3,3.3,1,0.6,-,0.3,0.5,1.2,-,0.5,0.7,33.1,0.3,1.4,-,6.74
Angelo Ogbonna,WHUFC,it,32,D(C),191,86,20(4),1871,1,1,2,-,0.6,83.6,3.2,-,1.3,1.5,0.6,1,4.1,0.4,0.8,-,0.2,-,0.3,-,0.2,0.2,33.1,-,1.8,-,6.74
Manuel Lanzini,WHUFC,ar,27,AM(CLR),167,59,8(2),689,1,1,2,-,1.1,89.6,0.3,-,1.2,0.9,0.5,-,0.7,1.3,0.1,-,0.5,1.3,0.7,-,1.2,1.5,45.2,0.2,0.9,-,6.72
Jack Wilshere,WHUFC,eng,28,M(CLR),172,68,4(4),389,-,1,2,-,0.3,89.8,0.3,-,0.9,0.9,0.9,-,-,0.5,0.1,-,0.6,1.9,1.5,-,0.9,0.4,27,-,1.9,-,6.68
Aaron Cresswell,WHUFC,eng,30,"D(CL),M(L)",170,66,18(2),1591,-,1,1,-,0.6,81.4,1.3,-,1.5,1.2,0.1,0.4,2.1,0.6,0.4,-,0.9,0.3,0.6,0.1,0.3,0.7,40.6,0.8,1.5,-,6.68
Mark Noble,WHUFC,eng,33,M(C),180,70,29(2),2308,5,5,6,1,0.5,85.3,0.3,-,1.5,0.7,0.7,-,0.4,1.2,0.1,-,0.7,0.5,1.2,-,1.1,0.9,48.6,0.2,4.4,0.2,6.65
Chicharito,WHUFC,mx,32,FW,175,73,14(11),1339,7,1,2,-,1.5,71.1,0.5,-,0.1,-,0.4,-,0.3,0.2,-,-,0.2,0.5,1.4,0.4,0.4,1.2,12.9,-,0.4,0.1,6.59
Samir Nasri,WHUFC,fr,33,M(CLR),175,75,3(2),246,-,2,-,-,0.6,88.4,-,-,-,0.2,0.6,-,0.2,-,-,-,1.2,0.4,0.4,0.6,-,-,31,0.2,1.4,-,6.53
Pedro Obiang,WHUFC,es,28,DMC,185,75,12(12),1121,-,1,-,-,0.6,80,0.7,-,1.7,0.5,0.5,0.1,0.6,1,0.4,-,0.3,0.3,0.5,0.1,0.2,0.5,22.3,0.1,2,-,6.44
Grady Diangana,WHUFC,eng,22,AM(LR),180,73,6(11),608,-,1,-,-,0.6,77.9,0.4,-,1.2,0.1,0.2,0.1,0.2,0.5,-,-,0.7,1.2,0.6,0.1,1.1,1.6,14.4,0.2,0.2,-,6.38
Andy Carroll,WHUFC,eng,31,FW,193,79,3(9),456,-,-,2,-,1.2,61,3.8,-,0.3,0.1,0.9,0.1,0.7,0.3,0.2,-,0.3,0.3,0.7,0.3,0.7,1.3,11.3,-,0.4,-,6.33
Lucas Pérez,WHUFC,es,32,"AM(CR),FW",180,82,4(11),469,3,-,-,-,0.6,70.6,0.2,-,0.4,0.1,0.3,-,0.2,0.1,-,-,0.5,0.3,0.2,0.2,0.5,1,9.5,0.1,0.1,-,6.32
Andriy Yarmolenko,WHUFC,ua,30,AM(R),189,81,5(4),461,2,-,2,-,1,82.3,0.3,-,0.4,0.2,0.9,-,0.3,0.2,0.1,-,0.6,0.2,0.9,0.1,1.2,1.3,22.6,-,0.9,-,6.28
Ben Johnson,WHUFC,eng,20,Defender,175,67,1,63,-,-,-,-,-,78.6,-,-,1,1,-,2,3,1,-,-,-,-,-,-,-,1,14,-,-,-,6.19
Xande Silva,WHUFC,pt,23,Forward,177,69,0(1),17,-,-,-,-,2,75,1,-,-,-,-,-,-,-,-,-,1,-,-,-,1,-,4,-,-,-,6.12
Carlos Sánchez,WHUFC,co,34,"D(C),M(C)",182,80,2(5),240,-,-,-,-,0.4,88.8,0.1,-,0.6,0.1,0.4,-,0.7,0.7,-,-,0.3,0.4,0.1,-,0.3,0.1,20.4,-,1.9,-,6.01
Etienne Capoue,WAT,fr,32,"D(C),M(CL)",189,80,33,2947,1,3,14,1,0.5,84.4,2,2,2.8,2.6,1.4,0.1,2.8,1.6,0.4,-,0.3,1,1.8,-,0.6,0.5,53,-,3.5,0.1,7.13
Troy Deeney,WAT,eng,32,FW,183,90,28(4),2548,9,5,4,1,2,60.7,6.5,4,0.8,0.2,1.3,-,0.9,0.8,0.1,-,1.3,0.2,1.1,0.4,1.1,1.9,25.8,0.1,0.4,0.1,7.11
José Holebas,WAT,gr,36,"D(L),M(L)",184,77,27(1),2394,3,6,12,1,0.6,68.5,2.2,-,2.4,0.8,1.2,0.4,2.9,0.9,0.3,-,1.4,0.8,0.5,0.1,0.9,1,29.8,1.5,1.6,-,7.00
Daryl Janmaat,WAT,nl,31,"D(R),M(R)",185,80,17(1),1522,-,2,3,-,0.6,75.8,1.1,-,2,1.8,0.9,0.4,3.3,0.5,0.3,-,0.7,0.7,0.1,0.1,0.6,0.8,33.3,0.8,2.6,-,6.88
Gerard Deulofeu,WAT,es,26,"AM(LR),FW",177,73,26(4),2083,10,5,3,-,2,77.4,0.1,3,0.4,0.5,0.5,-,0.1,0.7,-,-,1,1.6,0.4,1.1,2,2.2,23.9,0.2,0.5,0.1,6.84
Abdoulaye Doucouré,WAT,fr,27,M(C),184,75,34(1),3062,5,6,7,-,1.5,83.5,1.2,-,2,1,1,-,1.5,1.1,0.2,1,1.1,0.9,0.4,0.1,1.2,1.7,55.4,0.1,1.7,0.1,6.76
Will Hughes,WAT,eng,25,M(CR),185,74,31(1),2436,2,4,5,-,1,76.4,0.7,-,2.3,0.8,1.7,-,0.7,1.1,0.2,-,0.9,0.8,2.2,-,1.6,1.8,30,0.1,0.5,-,6.72
Ben Foster,WAT,eng,37,GK,193,79,38,3420,-,-,1,-,-,44.8,0.5,1,0.1,0.1,0.1,-,1.2,0.1,-,-,0.1,-,0.2,-,-,-,30.3,-,9.6,-,6.69
Christian Kabasele,WAT,be,29,D(C),187,84,19(2),1587,-,-,2,1,0.4,73.9,2.9,1,1.2,1.8,1,1.1,5,0.6,0.8,-,0.1,-,0.7,-,-,0.3,26.2,-,2.1,-,6.67
Roberto Pereyra,WAT,ar,29,"M(CLR),FW",182,77,33,2825,6,1,3,-,1.7,83.2,0.1,1,0.6,0.7,0.8,-,0.6,0.5,-,-,1.1,1.2,1.1,0.1,2,2.5,34,0.2,1.4,-,6.66
Adam Masina,WAT,ma,26,"D(L),M(L)",189,78,11(3),1004,-,1,5,-,0.2,80.7,1.6,-,2.1,1.2,1.2,0.1,2.6,0.9,0.3,-,0.2,0.5,0.7,0.1,0.1,0.9,31.1,0.4,1.9,-,6.66
Craig Cathcart,WAT,nir,31,D(CR),188,73,35(1),3099,3,-,2,-,0.4,81.5,2.4,2,1.4,1.1,0.4,1.1,5,0.4,0.8,2,-,0.1,0.2,-,0.1,0.3,35.5,-,2.7,-,6.66
Adrian Mariappa,WAT,jm,34,D(CR),180,78,20(6),1924,-,-,3,-,0.3,82.3,2.3,1,1.3,1,0.7,0.7,4.5,0.6,0.6,-,0.2,-,0.2,-,0.2,0.2,34,-,2.2,-,6.60
Kiko Femenía,WAT,es,29,"D(LR),M(R)",176,61,22(7),2046,1,1,1,-,0.2,83.1,0.4,-,1.7,1.2,0.4,0.2,2.2,0.9,0.2,-,0.4,0.4,0.5,0.1,0.4,0.7,31.9,0.5,1.1,-,6.55
Ken Sema,WAT,se,27,M(CLR),180,69,9(8),756,1,2,1,-,0.7,72.5,1.2,-,0.9,0.5,0.8,0.1,0.2,0.7,-,-,0.5,1.1,0.5,0.1,1.6,1.3,13.9,0.1,-,-,6.52
Domingos Quina,WAT,pt,20,DMC,179,72,3(5),335,1,-,-,-,0.6,85,0.3,-,1.1,0.4,0.9,-,0.1,1,-,-,0.3,0.6,0.8,-,0.6,0.9,28.4,0.1,1.9,-,6.44
Andre Gray,WAT,eng,29,FW,178,83,13(16),1362,7,2,2,-,1.2,65.7,0.6,-,0.1,0.1,0.4,-,0.1,0.2,-,-,0.5,0.3,0.3,0.5,0.7,1.9,8.1,0.1,0.1,-,6.35
Tom Cleverley,WAT,eng,31,M(CLR),175,67,4(9),472,1,-,2,-,0.3,78.7,0.3,-,1.3,0.4,0.6,-,0.8,1.2,-,-,0.1,0.1,0.3,0.1,0.3,0.4,17,0.1,0.9,-,6.35
Isaac Success,WAT,ng,24,"AM(LR),FW",186,86,9(21),1039,1,1,4,-,1,71.3,1,-,0.5,0.1,0.8,-,0.4,0.1,-,-,0.7,0.5,1.6,0.4,0.8,1.5,11.6,-,0.3,-,6.32
Marc Navarro,WAT,es,25,D(R),188,79,1(1),85,-,-,-,-,-,82.6,-,-,2,-,0.5,-,1,0.5,-,-,-,0.5,-,-,-,-,11.5,0.5,0.5,-,6.15
Miguel Britos,WAT,uy,35,D(CL),188,82,2(1),185,-,-,-,-,-,79.7,1.7,-,1.3,1,1,1.7,3.3,0.7,0.3,-,-,0.3,0.3,-,-,0.3,19.7,-,1.7,-,6.12
Nathaniel Chalobah,WAT,eng,25,DMC,187,80,3(6),267,-,-,2,-,0.2,75,0.4,-,0.3,0.6,0.6,-,0.8,0.6,0.1,-,0.1,-,0.3,-,0.3,0.9,12.4,0.1,0.4,-,6.07
Sebastian Prödl,WAT,at,33,D(C),194,92,0(1),14,-,-,-,-,-,100,-,-,-,-,1,-,-,-,-,-,-,-,-,-,-,-,3,-,-,-,6.02
Ben Wilmot,WAT,eng,20,D(C),188,80,0(2),26,-,-,-,-,-,66.7,-,-,-,-,-,-,0.5,0.5,0.5,-,-,-,-,-,-,-,4.5,-,1.5,-,5.98
Stefano Okaka,WAT,it,31,FW,186,82,0(2),22,-,-,1,-,1,71.4,0.5,-,-,-,0.5,-,-,-,-,-,1,0.5,0.5,-,0.5,0.5,7,-,-,-,5.97
Shane Duffy,BHA,ie,28,D(C),193,76,35,3088,5,1,4,1,1.1,75.2,5.3,6,1,1,0.6,0.1,6.9,0.3,1.3,-,0.2,0.1,0.3,0.1,0.1,0.5,37.3,-,3.1,-,7.11
Bernardo,BHA,br,25,"D(LR),M(L)",186,76,19(3),1751,-,1,4,-,0.4,72.7,2,-,2.8,1.5,0.8,0.2,3,0.6,0.6,-,0.5,0.6,1,0.1,0.5,1.2,35.7,0.3,1,-,6.90
Solly March,BHA,eng,26,M(CLR),180,88,30(5),2475,1,5,1,-,1.2,70.6,0.5,-,1.6,0.8,0.8,-,0.7,0.7,0.1,-,1.2,1.4,0.9,0.2,1.2,1.3,21.6,1.3,0.9,-,6.79
Lewis Dunk,BHA,eng,28,D(C),192,88,36,3153,2,1,5,1,0.6,82.8,3.3,1,1.2,1.3,0.6,0.3,5.4,0.6,1.1,-,0.3,-,0.4,-,0.1,0.4,41.4,-,4.5,-,6.72
Martín Montoya,BHA,es,29,"D(LR),M(R)",175,73,24(1),2166,-,1,4,-,0.3,80,1,-,2.3,1.9,1.2,0.3,2.5,0.9,0.4,-,0.7,0.5,0.6,-,0.4,0.8,34.3,0.6,1.5,-,6.71
David Button,BHA,eng,31,GK,191,87,4,360,-,-,-,-,-,37.4,0.3,1,-,-,-,-,1,-,-,-,-,-,-,-,-,-,24.8,-,6.8,-,6.69
Pascal Groß,BHA,de,29,"M(CR),FW",181,78,24(1),1878,3,3,1,-,1,75.6,0.7,1,1.1,0.5,0.4,-,0.9,1,0.3,-,2.2,0.2,0.5,0.2,0.8,1.4,32.4,1.8,2.1,-,6.68
Dale Stephens,BHA,eng,31,M(C),169,71,29(1),2487,1,1,6,1,0.4,83.7,0.9,1,2.8,1.5,1.5,-,1.5,1.5,0.4,-,0.6,0.2,0.3,-,0.5,0.9,45.1,-,4.1,-,6.66
Glenn Murray,BHA,eng,37,FW,183,80,30(8),2513,13,1,5,-,1.4,58.3,4.6,3,0.4,0.1,2.1,0.1,0.4,0.4,0.1,-,0.3,0.2,1.4,1,0.9,2.2,15.9,-,0.2,-,6.65
Davy Pröpper,BHA,nl,29,M(C),185,79,30,2551,1,1,2,-,0.5,80,1.2,1,1.7,1.8,1.1,-,1.1,1.2,0.2,-,0.6,1,0.6,-,0.8,1.5,40.4,0.1,2.5,0.1,6.65
Anthony Knockaert,BHA,fr,28,AM(LR),172,69,18(12),1833,2,6,4,1,0.9,76.9,0.5,-,1.1,1,0.7,-,0.2,0.6,-,-,1.2,1,0.6,0.1,1,1.7,20.5,1.3,1.3,-,6.64
Yves Bissouma,BHA,ml,24,M(C),182,80,17(11),1771,-,-,5,-,1.1,81.8,1,1,2.2,1.2,1.4,-,0.9,0.6,0.2,-,0.5,1.7,0.9,0.1,1.1,1.5,25.5,0.1,0.9,-,6.63
Leon Balogun,BHA,ng,32,D(CR),190,88,5(3),591,1,-,2,-,0.1,75.9,1.6,-,1.5,2.1,0.6,0.3,4,0.1,0.4,-,-,-,0.3,0.1,0.3,1.1,27,-,1.9,-,6.50
Beram Kayal,BHA,il,32,M(C),178,74,9(9),937,1,1,4,-,0.3,71.2,0.9,1,1.6,0.8,1,-,1.4,0.9,0.6,-,0.2,0.6,0.4,-,0.6,0.7,15.1,0.1,0.5,-,6.49
Bruno,BHA,es,40,"D(R),M(R)",181,76,14,1136,-,1,2,-,0.1,82.4,0.6,-,1.8,0.8,0.3,0.1,1.9,0.3,0.1,-,0.4,0.3,0.6,0.2,0.1,0.3,36.4,0.4,1.6,-,6.49
Mat Ryan,BHA,au,28,GK,184,82,34,3060,-,-,2,-,-,50.1,0.3,-,-,-,-,-,0.6,-,-,-,-,-,0.1,-,-,-,27.2,-,9.7,-,6.41
José Izquierdo,BHA,co,28,AM(L),171,73,9(6),794,-,1,1,-,1,74.6,0.2,-,1,0.3,0.4,-,0.5,0.7,0.1,-,0.4,0.9,0.3,0.3,0.8,1.2,13.7,0.1,0.3,-,6.38
Alireza Jahanbakhsh,BHA,ir,27,AM(CLR),180,76,12(7),1022,-,-,2,-,1.1,69.3,0.6,-,1.7,0.6,1,-,0.1,1,-,-,0.3,0.6,0.4,0.3,1.1,1.5,14.6,0.3,0.6,-,6.33
Gaëtan Bong,BHA,cm,32,D(L),187,74,19(3),1805,-,-,-,-,0.1,74.3,1.1,-,0.7,1.1,0.5,0.2,2,0.2,0.3,-,0.4,0.5,0.2,-,0.7,0.8,27.4,0.4,1.1,-,6.31
Jürgen Locadia,BHA,nl,26,"AM(LR),FW",187,88,12(14),1230,2,-,1,-,1.1,72.8,0.9,-,0.6,0.3,0.8,-,0.3,0.2,-,-,0.5,0.2,0.4,0.4,0.6,1.6,12.7,0.2,0.7,-,6.27
Florin Andone,BHA,ro,27,FW,180,78,8(15),876,3,-,5,-,0.8,67.3,1.6,-,0.4,0.1,1.2,-,0.5,0.2,-,-,0.1,0.4,0.9,0.2,1.4,2.1,7.2,0.1,0.1,-,6.22
Philip Billing,HUD,dk,24,DMC,193,83,25(2),2192,2,-,7,-,1.6,78.6,3.3,3,2.7,2,1.4,0.2,1.5,0.9,0.6,-,0.8,0.7,1.1,0.1,1,2,39.8,0.3,2.9,-,7.08
Zanka,HUD,dk,30,D(C),189,79,24,2148,3,1,6,-,0.3,82.1,1.5,1,2,2.9,1.4,0.5,3.4,0.8,0.6,-,0.3,0.1,0.6,-,0.3,0.3,48.9,-,2.9,-,6.77
Aaron Mooy,HUD,au,30,M(CLR),174,68,25(4),2327,3,1,4,-,1.5,80.2,0.5,1,2.1,0.5,0.9,-,0.7,1.1,0.2,-,1.5,0.8,0.4,-,1.6,1.2,44.1,1.4,2.1,-,6.73
Steve Mounie,HUD,bj,26,FW,190,83,19(12),1778,2,3,1,1,2,64.5,6.8,2,0.3,0.2,1,-,0.5,0.3,-,-,0.6,0.4,0.5,0.5,1.2,2,18,-,0.1,-,6.69
Jonathan Hogg,HUD,eng,31,DMC,170,67,29,2377,-,1,8,1,0.3,83.2,1.1,-,2.7,2.5,2,-,0.6,1.4,0.2,-,0.6,0.3,1.2,-,0.7,1.1,53.3,0.1,2.4,-,6.60
Christopher Schindler,HUD,de,30,D(C),189,82,37,3262,1,-,4,1,0.4,82.8,3.7,1,1.6,1.9,0.7,0.6,3.6,0.5,0.9,-,0.1,-,0.5,-,0.1,0.2,41.9,-,4,-,6.59
Terence Kongolo,HUD,nl,26,D(CL),188,70,32,2722,1,1,4,-,0.4,78,1.7,-,2.3,2,0.6,0.4,3,0.6,0.5,1,0.3,0.3,0.8,0.1,0.1,0.5,35.9,0.1,2.2,-,6.58
Jonas Lössl,HUD,dk,31,GK,195,89,30(1),2777,-,1,1,-,-,61.2,0.5,1,-,0.1,-,-,1,-,-,-,0.1,-,0.1,-,-,-,32.5,-,10.5,-,6.52
Alex Pritchard,HUD,eng,27,AM(CLR),171,62,26(4),2092,2,-,2,-,1.6,74.9,0.5,-,1.2,0.6,0.4,-,0.2,0.8,0.1,-,1.1,1,1.7,0.2,1.7,2.3,29.9,0.6,1,-,6.51
Juninho Bacuna,HUD,nl,23,"D(R),M(CL)",178,74,16(5),1416,1,-,4,-,0.9,75.4,0.8,-,2.2,1.1,1.6,0.1,0.5,1.5,-,-,0.9,1.2,1,-,0.8,1.9,34,0.4,2.8,-,6.49
Jon Gorenc Stankovic,HUD,si,24,"D(C),DMC",190,78,9(2),720,1,-,2,-,0.8,75.5,2,-,2.4,0.8,0.8,0.1,1.7,1.1,0.8,-,0.2,0.1,1.1,-,0.1,0.6,26.7,-,1.5,-,6.42
Karlan Grant,HUD,eng,23,"AM(L),FW",180,70,9(4),874,4,-,-,-,1.6,69.8,0.8,1,0.4,0.2,0.6,-,0.1,0.2,-,-,0.6,0.9,0.6,0.3,1.8,2.2,16.3,-,0.3,-,6.42
Florent Hadergjonaj,HUD,xk,26,"D(LR),M(R)",182,73,19(5),1841,-,-,1,-,0.3,75.2,1,-,1.3,0.9,0.5,0.3,1.1,1,0.3,-,1,0.4,0.8,0.1,0.1,0.9,30.2,0.9,1.4,-,6.40
Chris Löwe,HUD,de,31,"D(L),M(L)",175,68,23(6),2057,-,2,2,-,0.6,75.1,0.9,-,1.2,0.8,0.5,0.1,1.8,0.7,0.1,-,0.7,0.3,0.4,0.1,0.4,0.6,29,1.1,2.1,-,6.35
Erik Durm,HUD,de,28,"D(LR),M(LR)",183,72,21(7),2054,-,1,-,-,0.4,69,0.8,-,1.3,1.5,0.5,0.3,1.3,0.7,0.2,-,0.4,0.4,0.8,-,0.5,1.2,27.7,0.4,1.3,-,6.33
Joel Coleman,HUD,eng,25,GK,198,82,1,90,-,-,-,-,-,37.8,-,-,-,-,-,-,1,-,-,-,-,-,-,-,-,-,37,-,7,-,6.32
Rajiv van La Parra,HUD,nl,29,"AM(LR),FW",181,72,5,407,-,-,-,-,1,85.7,0.2,-,1.6,0.8,0.8,-,0.2,1,-,-,0.8,1.4,2.8,-,4.2,2.2,21,-,1.2,0.2,6.32
Jason Puncheon,HUD,eng,34,M(CLR),173,70,5(1),383,-,-,1,-,1,79.5,1,-,1.2,0.7,1.5,-,1.3,1,0.2,-,0.8,0.8,0.3,0.2,2,2,33.3,0.3,2,0.2,6.31
Tommy Smith,HUD,eng,28,"D(CR),M(R)",186,75,13(2),1142,-,-,2,1,0.2,74.8,0.9,-,1.7,1.2,0.7,0.1,1.7,1,0.3,-,0.5,0.2,0.4,-,0.2,0.3,32.5,0.3,2.1,-,6.24
Laurent Depoitre,HUD,be,31,FW,191,91,10(13),1062,-,1,1,-,1.3,59.9,3.5,-,0.3,0.1,0.8,-,0.3,0.1,-,-,0.4,0.2,0.4,0.3,1.3,1.8,11.9,-,0.1,-,6.22
Ramadan Sobhi,HUD,eg,23,AM(CL),183,75,0(4),76,-,-,-,-,-,86,0.8,-,0.3,0.3,-,-,-,-,-,-,0.8,0.5,0.3,-,1.3,1,10.8,0.3,-,-,6.18
Abdelhamid Sabiri,HUD,ma,23,AM(CL),186,80,1(1),50,-,-,-,-,-,87.5,-,-,1,0.5,-,-,-,-,-,-,-,-,0.5,-,-,0.5,4,-,-,-,6.16
Elias Kachunga,HUD,cd,28,"AM(CLR),FW",178,74,13(7),1182,-,-,2,-,0.7,71.3,1.2,-,1.1,0.2,1.2,-,0.5,0.8,0.1,-,0.3,0.5,1.1,0.5,1,1.1,14.8,0.3,0.2,-,6.14
Isaac Mbenza,HUD,be,24,"AM(LR),FW",187,77,10(12),984,1,1,1,-,0.7,75.4,0.1,-,0.5,0.2,0.4,-,0.2,0.1,-,-,0.3,0.2,0.2,0.2,0.5,0.8,10.5,0.3,0.4,-,6.14
Demeaco Duhaney,HUD,eng,22,D(R),180,70,1,46,-,-,-,-,-,78.9,-,-,1,1,-,-,1,2,-,-,-,-,2,-,-,2,19,-,1,-,6.11
Adama Diakhaby,HUD,fr,24,"AM(LR),FW",188,74,6(6),553,-,-,1,-,0.6,76.2,0.5,-,0.5,0.1,0.6,-,0.1,0.7,-,-,0.4,1,0.8,0.2,1.8,1.4,12.3,0.2,0.1,-,6.08
Danny Williams,HUD,us,31,M(C),182,79,1(4),95,-,-,1,-,0.2,79.2,-,-,-,0.2,0.4,-,0.4,-,0.2,-,0.2,0.2,0.2,-,0.8,0.2,4.8,-,-,-,6.08
Ben Hamer,HUD,eng,32,GK,192,91,7,553,-,-,-,-,-,44.5,0.4,-,-,0.1,-,-,0.6,0.4,-,-,-,-,-,-,-,0.1,27.3,-,8.7,-,5.99
Collin Quaner,HUD,de,29,"AM(R),FW",191,81,0(2),37,-,-,-,-,-,76.5,-,-,-,-,1,-,-,0.5,-,-,0.5,0.5,-,0.5,1,1,8.5,-,-,-,5.97
Matty Daly,HUD,eng,19,Midfielder,0,0,0(2),73,-,-,-,-,-,58.3,-,-,-,-,-,-,-,-,-,-,-,-,-,-,-,0.5,6,-,-,-,5.96
Aaron Rowe,HUD,eng,20,Midfielder,0,0,1(1),69,-,-,-,-,-,65,-,-,0.5,0.5,1,-,0.5,-,-,-,-,0.5,-,-,2,0.5,10,-,-,-,5.92
Jannik Vestergaard,SFC,dk,28,D(C),199,96,23,2030,-,-,2,-,0.6,76.9,3.7,-,2.3,1.5,0.7,0.9,7.4,0.7,0.9,-,0.2,0.4,0.6,-,0.2,0.4,36.7,-,2.3,0.1,7.07
Jan Bednarek,SFC,pl,24,D(C),189,77,24(1),2151,-,1,7,-,0.2,70.5,3.2,3,1.6,2.8,0.9,0.8,6.7,0.6,1.1,-,0.4,-,0.2,-,0.2,0.2,32.8,-,1.7,0.1,7.04
Nathan Redmond,SFC,eng,26,"AM(CLR),FW",173,69,36(2),3278,6,4,3,-,1.9,75.4,0.7,3,1.2,0.5,0.8,-,0.6,0.7,0.1,-,1.4,2.4,0.7,0.4,2.1,2.2,29.6,0.6,1.3,-,6.91
Matt Targett,SFC,eng,25,"D(L),M(L)",183,70,13(3),1187,1,3,2,-,0.7,69.9,1.1,-,1.7,1.7,0.4,0.3,1.9,0.9,0.2,-,1.4,0.1,0.6,0.1,0.4,0.4,27.6,1.4,1.4,0.1,6.89
Pierre-Emile Højbjerg,SFC,dk,25,M(C),185,84,31,2764,4,3,7,2,1.7,82.9,1.5,2,2.3,1.9,1.5,0.1,0.9,1.6,0.3,-,0.9,0.7,1.5,-,1.5,1.8,57.8,0.3,3.5,0.1,6.87
James Ward-Prowse,SFC,eng,25,M(CR),173,66,21(5),1942,7,-,4,-,1.2,76.5,0.8,-,1.4,1,0.8,-,2,1.1,0.2,1,1.8,0.2,0.4,0.1,0.6,1,27.7,1.5,1,-,6.87
Mario Lemina,SFC,ga,27,DMC,184,85,18(3),1616,1,1,5,-,1.2,86,1.4,-,2.3,2,1.5,-,1.4,0.9,0.1,-,0.6,1.1,1.1,-,1.5,1.2,38.6,0.1,2.1,-,6.85
Maya Yoshida,SFC,jp,32,D(CR),189,78,17,1520,-,1,-,-,0.8,75.7,2.1,-,0.9,2.5,0.2,0.6,5.9,0.5,1.2,-,0.3,0.1,0.4,0.1,-,0.4,32.7,-,2.4,-,6.85
Danny Ings,SFC,eng,28,"AM(C),FW",178,73,23(1),1668,7,3,1,-,2.3,71.4,0.8,-,1.3,0.2,0.7,-,0.3,0.7,0.1,-,1.2,0.8,0.9,0.3,1.2,2.3,16.3,-,0.5,0.2,6.83
Wesley Hoedt,SFC,nl,26,D(C),188,77,13,1170,-,-,2,-,0.5,78.6,2.5,-,2.2,1.8,1.2,0.7,5.8,0.7,1,2,0.1,0.5,1.2,-,0.4,0.2,47.8,-,4.4,-,6.77
Oriol Romeu,SFC,es,29,DMC,183,83,25(6),2142,1,-,11,-,0.3,79.3,1.5,1,2.6,1.7,1.5,0.1,1.2,1.5,0.5,-,0.3,0.5,0.5,-,0.5,0.6,35.5,-,1.8,-,6.76
Yan Valery,SFC,fr,21,"D(R),M(R)",180,85,20(3),1715,2,1,3,1,0.3,61.9,1.8,-,1.8,1,1.2,0.3,2.5,0.6,0.1,-,0.3,1,0.3,0.1,1.3,1.4,17.3,0.3,0.6,-,6.66
Ryan Bertrand,SFC,eng,31,"D(CL),M(L)",179,85,24,2160,1,-,8,-,0.7,75.5,1.6,-,1.9,1.2,1.1,0.1,1.8,0.6,0.2,-,1,0.3,0.9,-,0.3,1.3,32.3,0.9,0.8,0.1,6.61
Alex McCarthy,SFC,eng,30,GK,193,79,25,2250,-,-,1,-,-,45,0.6,1,-,-,-,-,0.9,-,-,-,-,-,0.1,-,-,-,23.4,-,5.6,-,6.58
Cédric Soares,SFC,pt,29,"D(R),M(R)",172,67,16(2),1494,1,2,4,-,0.6,73.1,1.3,-,1.2,1.2,0.5,0.1,2.8,0.3,0.3,-,0.7,0.4,0.3,0.1,0.6,0.8,33.1,0.8,1.7,-,6.56
Jack Stephens,SFC,eng,26,D(C),185,75,19(5),1699,1,-,4,-,0.3,75,2.3,1,1,1.5,0.5,0.3,3.9,0.5,0.5,-,0.2,0.2,0.3,-,0.2,0.4,32,-,2.4,-,6.52
Mohamed Elyounoussi,SFC,no,26,"AM(LR),FW",178,70,8(8),791,-,-,-,-,1.3,73.4,0.6,-,1,0.4,0.6,-,0.3,0.8,0.1,-,0.9,0.7,0.8,0.1,0.5,0.9,13.9,0.8,0.5,0.1,6.51
Stuart Armstrong,SFC,sct,28,AM(CLR),183,75,16(13),1433,3,2,2,-,1.1,78.6,0.6,-,1,0.4,0.7,-,0.4,1.2,-,-,1,0.7,0.7,0.1,0.9,1.4,21.1,0.1,0.7,-,6.50
Shane Long,SFC,ie,33,"AM(R),FW",178,81,12(14),1271,5,1,3,-,1.2,64.6,2.8,1,0.6,0.3,1,-,0.7,0.5,-,-,0.5,0.2,0.9,0.5,0.8,2,11.7,-,-,-,6.50
Steven Davis,SFC,nir,35,M(CLR),173,70,1(2),97,-,1,-,-,-,94.1,0.3,-,0.7,0.3,0.7,-,1.7,-,-,-,1,-,-,-,-,0.3,22.7,0.3,1.3,0.3,6.45
Michael Obafemi,SFC,ie,20,FW,169,71,1(5),136,1,1,1,-,1.2,66.7,-,-,0.2,0.2,0.3,-,-,-,0.2,-,0.3,0.5,0.5,0.2,0.3,0.8,3,0.2,-,-,6.41
Angus Gunn,SFC,eng,24,GK,196,77,12,1080,-,-,-,-,-,35.3,0.3,1,-,-,-,-,0.9,-,-,-,-,-,0.2,-,-,-,24.1,-,6.2,-,6.37
Fraser Forster,SFC,eng,32,GK,201,93,1,90,-,-,-,-,-,31.6,-,-,-,-,-,-,1,-,-,-,-,-,-,-,-,-,19,-,5,-,6.36
Charlie Austin,SFC,eng,31,FW,188,84,11(14),981,2,2,1,-,1.3,58.6,1.7,-,0.5,0.1,0.6,-,0.5,0.2,0.1,-,0.4,-,0.7,0.4,0.7,1.2,7.9,-,0.2,-,6.27
Callum Slattery,SFC,eng,21,Midfielder,175,0,1(2),110,-,-,-,-,0.3,71,1,-,1.3,0.7,1.3,-,0.3,1.3,0.3,-,-,0.3,1,-,0.7,1.3,10.3,-,0.3,-,6.26
Manolo Gabbiadini,SFC,it,28,"AM(CLR),FW",181,75,4(8),471,1,-,-,-,1.7,67.8,0.7,1,0.5,0.3,0.8,-,0.4,0.1,-,-,0.4,0.2,0.7,0.1,0.3,0.4,10.1,0.1,0.1,-,6.25
Josh Sims,SFC,eng,23,AM(R),174,67,2(5),210,-,1,-,-,0.7,72.7,0.1,-,0.1,0.1,0.1,-,0.1,0.3,-,-,0.1,0.6,0.7,0.1,1,0.6,6.3,-,0.1,-,6.17
Kayne Ramsay,SFC,,20,Defender,0,0,1,90,-,-,-,-,-,71.4,2,-,-,-,-,-,7,-,-,-,-,-,-,-,-,-,14,-,-,-,6.09
Sam Gallagher,SFC,sct,25,"AM(LR),FW",194,75,0(4),32,-,-,-,-,-,16.7,0.8,-,-,-,1,-,0.3,-,-,-,-,-,0.3,-,0.5,0.3,1.5,-,-,-,6.02
Tyreke Johnson,SFC,eng,21,Midfielder,185,79,0(1),1,-,-,-,-,-,-,-,-,-,-,-,-,-,-,-,-,-,-,-,-,-,-,-,-,-,-,6.00
John Ruddy,WWFC,eng,33,GK,193,97,1,90,-,-,-,-,-,68.4,-,-,-,-,-,-,-,-,-,-,-,-,-,-,-,-,19,-,9,-,7.19
Matt Doherty,WWFC,ie,28,"D(LR),M(R)",182,80,35(3),3147,4,5,5,-,1.2,71.6,3.8,2,1.8,1.6,0.8,0.1,2.2,0.6,0.2,1,1,0.5,0.6,0.1,0.6,1.2,36.8,0.4,1.4,0.1,7.12
Willy Boly,WWFC,fr,29,D(C),195,92,36,3169,4,-,2,1,0.7,81,3.8,2,2.4,2,0.8,0.1,4.8,0.6,0.9,-,0.3,0.4,0.4,0.1,0.4,0.3,47.6,-,2.4,-,7.12
Raúl Jiménez,WWFC,mx,29,FW,190,76,36(2),3125,13,7,4,-,2.9,72.8,2.1,4,0.8,0.7,1.1,-,1,0.4,0.1,-,1.1,0.9,1,0.9,1.8,2.5,27.9,0.2,0.9,0.1,7.07
João Moutinho,WWFC,pt,34,M(C),170,61,35(3),3040,1,8,4,-,0.5,84.8,0.6,1,3,1.1,1.4,-,1.1,2.2,0.3,-,2.2,0.3,1,-,0.7,0.4,49,1.7,3.3,-,7.06
Leander Dendoncker,WWFC,be,25,"D(C),DMC",188,76,17(2),1469,2,-,1,-,0.9,79.4,2.9,2,2.8,1.2,0.6,0.1,1.5,1.6,0.3,-,0.4,0.6,0.6,0.1,0.4,0.9,31.9,0.1,0.8,-,6.97
Romain Saïss,WWFC,ma,30,"D(C),DMC",190,80,12(7),1145,2,-,7,-,0.6,77.1,3.2,2,2.1,1.4,1.4,0.1,3.1,0.9,0.6,-,0.2,0.3,0.4,-,0.1,0.1,38.8,0.1,3.2,-,6.93
Diogo Jota,WWFC,pt,23,"AM(CL),FW",178,70,29(4),2372,9,5,11,-,1.8,75.6,0.8,3,0.8,0.4,1.3,-,0.3,0.8,-,-,0.8,1.7,1.7,0.2,1.5,2.3,22.6,0.2,0.5,0.1,6.89
Rúben Neves,WWFC,pt,23,DMC,180,72,34(1),3009,4,3,8,-,2.1,81.2,0.9,-,2.1,2.1,1.1,-,1.3,1.6,0.5,-,0.7,0.3,0.5,-,0.8,0.8,55.4,0.1,6.1,-,6.86
Jonny,WWFC,es,26,"D(CLR),M(L)",175,70,32(1),2780,1,1,6,-,0.8,77.8,1.2,1,2.4,1.8,0.7,0.2,1.6,0.9,0.2,-,0.9,0.9,1,0.2,1.2,1.2,32.6,0.3,1,-,6.85
Ryan Bennett,WWFC,eng,30,D(C),188,70,34,3060,1,-,12,-,0.4,79.6,3.6,-,1.7,1.3,1.1,0.2,3.6,0.5,0.6,-,0.3,0.1,0.3,-,-,0.1,39.6,-,2,-,6.77
Adama Traoré,WWFC,es,24,"M(LR),FW",178,72,8(21),896,1,1,1,-,0.7,72.2,0.8,1,0.6,0.2,0.5,-,0.2,0.2,-,-,0.6,2.2,0.9,0.2,1.6,1.3,9.3,0.5,0.2,-,6.59
Rui Patrício,WWFC,pt,32,GK,190,84,37,3330,-,-,-,-,-,53.6,0.2,-,0.1,-,-,-,0.4,-,-,-,-,-,-,-,-,-,20.5,-,6.9,-,6.45
Conor Coady,WWFC,eng,27,"D(CR),DMC",185,73,38,3420,-,-,5,-,-,84.3,0.9,1,0.8,0.8,0.3,0.5,3.3,0.4,0.7,3,0.1,0.1,0.2,-,0.1,0.2,44.4,-,6.4,-,6.45
Rúben Vinagre,WWFC,pt,21,M(L),174,64,7(10),706,-,-,1,-,0.2,77.3,0.5,-,0.8,0.8,0.7,0.1,0.8,0.2,0.1,-,0.4,0.8,0.5,0.1,0.7,1.1,16.8,0.4,0.5,-,6.41
Hélder Costa,WWFC,pt,26,AM(CLR),178,73,16(9),1346,1,2,3,-,1,81.4,0.4,-,0.7,0.4,0.8,-,0.2,0.6,-,-,0.7,1,0.9,0.2,1.7,1.9,17.7,0.1,0.4,-,6.36
Ivan Cavaleiro,WWFC,pt,26,"AM(CLR),FW",175,73,6(17),687,3,1,1,-,0.6,75.5,0.4,-,0.2,0.2,0.6,-,0.2,0.6,-,-,0.8,0.7,0.2,0.3,0.8,1.1,12.8,0.7,0.1,-,6.35
Morgan Gibbs-White,WWFC,eng,20,AM(C),171,0,5(21),651,-,1,1,-,0.3,83.9,0.5,-,0.2,-,0.3,-,-,0.1,-,-,0.4,0.5,0.2,0.1,0.6,0.9,12.2,0.2,0.8,0.1,6.20
Léo Bonatini,WWFC,br,26,FW,185,80,0(7),130,-,1,-,-,1.3,78.9,0.1,-,0.1,-,-,-,-,0.6,-,-,0.3,0.1,-,-,0.6,0.6,8.1,-,0.3,-,6.13
Maximilian Kilman,WWFC,eng,23,D(C),0,0,0(1),1,-,-,-,-,-,-,-,-,-,-,-,-,-,-,-,-,-,-,-,-,-,-,-,-,-,-,6.00
Will Norris,WWFC,eng,27,GK,195,74,0(1),1,-,-,-,-,-,-,-,-,-,-,-,-,-,-,-,-,-,-,-,-,-,-,-,-,-,-,6.00
Sol Bamba,CCFC,ci,35,"D(C),DMC",190,90,28,2477,4,1,7,-,0.8,69.1,3.4,3,2.6,2.9,1.3,0.2,6.3,0.9,1.1,-,0.1,0.5,0.4,0.1,0.4,0.7,19.6,-,1.6,-,7.15
Sean Morrison,CCFC,eng,29,D(C),193,89,34,3040,1,3,6,-,1,62.8,6.6,1,1,1.5,0.9,0.3,5.9,0.4,0.9,-,0.6,0.2,0.6,0.3,0.3,0.4,21.7,-,1.1,-,6.96
Nathaniel Mendez-Laing,CCFC,eng,28,AM(LR),180,77,11(9),987,4,1,-,-,1,62,1.2,-,1.7,0.7,0.4,-,0.7,0.7,0.1,-,1,1.5,0.2,0.2,1,1.3,12.8,0.5,0.3,0.1,6.88
Callum Paterson,CCFC,sct,26,"D(R),M(CR),FW",183,76,21(6),1996,4,1,4,-,1.5,48.4,7.5,1,0.8,0.3,1.5,-,1,0.8,0.1,-,0.9,0.2,1.1,0.4,0.4,1.1,20.4,0.2,0.5,-,6.82
Joe Bennett,CCFC,eng,30,"D(L),M(L)",183,74,30,2641,-,1,5,-,0.3,71.8,1.2,-,1.7,2,0.7,0.1,2.8,0.5,0.3,-,0.5,0.8,1.2,-,0.4,0.3,23.1,0.4,1.4,-,6.77
Neil Etheridge,CCFC,ph,30,GK,188,90,38,3420,-,-,2,-,-,32.3,0.2,3,-,0.2,-,-,0.8,-,-,-,0.1,-,0.1,-,-,-,30.1,-,9.1,-,6.72
Víctor Camarasa,CCFC,es,26,M(CR),183,76,31(1),2579,5,4,6,-,1.3,75.1,0.6,-,0.9,1,0.7,-,0.8,0.8,0.1,-,1.6,1.1,0.9,-,1.5,1.9,27.7,1.3,1.4,-,6.72
Bruno Ecuele Manga,CCFC,ga,32,D(CR),186,76,37(1),3374,-,1,-,-,0.3,64.9,2.3,-,1.8,2.1,0.4,0.3,4.5,0.8,0.7,-,0.2,0.3,0.3,-,0.3,0.6,25.2,0.1,2.4,-,6.69
Aron Gunnarsson,CCFC,is,31,M(C),178,70,27(1),2275,1,1,5,-,0.7,71.6,1.7,-,1.8,1.4,0.9,-,1.9,2.2,0.4,-,0.6,0.4,1.1,-,0.3,0.9,26.8,0.1,1.5,-,6.61
Lee Peltier,CCFC,eng,33,"D(CLR),DMC,M(R)",178,73,17(3),1543,-,-,4,-,0.1,60.2,1.5,-,2,0.9,0.8,0.2,2.7,0.6,0.6,-,0.1,0.2,0.3,-,0.2,0.4,17.1,0.2,1.1,-,6.54
Josh Murphy,CCFC,eng,25,"AM(LR),FW",173,67,22(7),1826,3,2,2,-,1.6,60.4,0.4,1,0.9,0.4,0.5,-,0.3,0.7,-,-,0.6,1.3,1.9,0.3,1.3,1.5,10.6,0.5,0.4,0.1,6.54
David Junior Hoilett,CCFC,ca,30,"M(CLR),FW",173,70,23(9),2143,3,1,4,-,1.3,71.6,0.6,-,1.3,1,1.1,-,0.8,1.2,-,-,0.8,0.7,1.2,0.3,1.2,1.6,13.8,0.6,0.5,-,6.46
Joe Ralls,CCFC,eng,27,M(CL),183,70,22(6),1960,-,-,4,1,0.8,69.2,1.2,-,1.6,1,1,-,1,0.8,0.2,-,1.2,0.2,0.4,-,0.5,0.7,27.8,0.9,2.9,-,6.45
Oumar Niasse,CCFC,sn,30,FW,182,75,12(1),940,-,-,-,-,1.3,64.7,2.9,-,0.9,0.2,0.6,-,0.5,0.3,-,-,0.4,1.5,1.3,0.7,2.9,4.4,12.8,-,0.2,-,6.43
Greg Cunningham,CCFC,ie,29,"D(CL),M(L)",183,77,7,630,-,-,3,-,0.3,73.7,0.6,-,2.6,2.4,1.1,0.1,1.9,1,0.4,-,0.7,-,1.9,-,0.1,0.9,25.6,0.3,2.3,-,6.43
Bobby De Cordova-Reid,CCFC,eng,27,"M(CL),FW",170,68,16(11),1423,5,2,-,-,1,71.4,0.4,1,0.6,0.1,0.2,-,0.4,0.2,-,-,0.6,0.6,1,0.4,1.1,1.5,11.5,0.1,0.2,-,6.41
Harry Arter,CCFC,ie,30,M(C),176,70,24(1),2009,-,1,10,-,0.9,80.7,0.2,-,2.5,0.8,1,-,0.8,1.2,0.2,-,0.4,0.1,0.6,0.1,0.1,0.8,26.3,0.2,1.7,-,6.39
Kadeem Harris,CCFC,eng,27,M(LR),175,67,3(10),366,1,-,1,-,0.4,70.5,0.2,-,0.9,0.2,0.3,-,0.3,0.1,-,-,0.5,0.5,0.4,0.1,0.5,1,6.8,0.3,-,-,6.37
Leandro Bacuna,CCFC,nl,29,"D(LR),M(CLR)",187,77,4(7),554,-,-,2,-,0.5,66.9,0.6,-,1.4,1.4,1.2,-,0.8,1.3,0.2,-,0.1,0.5,0.3,-,0.5,1,13.2,0.2,0.8,-,6.34
Kenneth Zohore,CCFC,dk,26,FW,189,98,7(12),747,1,1,1,-,0.9,62.5,2.2,-,0.2,0.1,0.7,-,0.3,0.1,0.1,-,0.6,0.3,1.1,0.2,0.7,1.2,7.2,0.1,0.1,0.1,6.31
Danny Ward,CCFC,eng,28,"AM(CL),FW",178,72,4(10),440,1,-,-,-,0.8,54.3,2.2,-,0.1,-,0.1,-,0.6,0.2,0.1,-,0.5,-,0.4,0.2,0.4,0.9,6.6,-,0.1,-,6.29
Jazz Richards,CCFC,wls,29,"D(LR),M(R)",185,78,0(4),129,-,-,-,-,-,69.2,-,-,-,0.5,-,0.3,1.3,0.3,0.3,-,-,-,-,-,-,0.5,6.5,-,-,-,6.04
Rhys Healey,CCFC,wls,25,FW,180,72,0(3),49,-,-,-,-,0.3,28.6,0.3,-,0.3,-,0.3,-,-,0.3,-,-,0.3,0.3,0.3,-,0.7,1,2.3,-,-,-,6.03
Loïc Damour,CCFC,fr,29,AM(C),180,74,0(2),21,-,-,-,-,0.5,72.7,0.5,-,-,-,0.5,-,-,0.5,-,-,-,-,-,-,-,0.5,5.5,-,1,-,6.01
Gary Madine,CCFC,eng,30,FW,193,80,0(5),32,-,-,-,-,-,83.3,0.6,-,0.2,-,0.4,-,-,-,-,-,-,-,0.2,-,0.4,0.2,2.4,-,-,-,5.99
Aleksandar Mitrovic,FFC,rs,26,FW,189,90,37,3282,11,3,7,-,3.5,72,6.5,4,0.5,0.2,1.6,-,1.4,0.3,0.2,-,0.8,0.6,1.6,0.9,2.6,3,27.7,-,0.4,0.1,7.03
Ryan Babel,FFC,nl,33,"M(LR),FW",185,79,15(1),1260,5,3,3,-,1.7,82.9,0.9,1,0.5,0.4,0.9,-,0.6,0.4,-,-,1.4,1.7,1,0.6,1.8,2.3,29.3,0.7,0.7,-,6.86
Calum Chambers,FFC,eng,25,"D(CR),DMC",182,66,29(2),2587,2,-,9,-,1.1,79,2.1,-,2.1,2.2,1.1,0.3,3.5,1,0.4,-,0.5,0.7,0.1,-,0.8,1,47.9,-,2.9,-,6.82
Maxime Le Marchand,FFC,fr,31,D(CL),185,78,25(1),2252,-,1,5,-,0.2,83.3,2.2,-,2.2,2.1,1.1,0.6,4.7,0.9,0.6,-,0.3,0.4,0.3,0.1,0.2,0.4,53.3,0.2,3.5,-,6.72
André-Frank Zambo Anguissa,FFC,cm,24,DMC,184,78,16(6),1519,-,-,1,1,1,87.4,1,-,2.2,1.5,1,0.1,1.3,1.5,0.3,-,0.3,1.9,0.8,0.1,1.8,1.7,47.4,-,1.6,-,6.69
Joe Bryan,FFC,eng,27,"D(L),M(CL)",173,75,27(1),2347,-,1,5,-,0.8,75.4,1.1,-,2.2,1.1,0.9,0.1,2.5,0.6,0.4,-,0.9,0.5,1,0.1,0.6,0.8,33.9,0.8,1.7,-,6.65
Fabri,FFC,es,32,GK,184,79,2,180,-,-,-,-,-,68.1,-,-,0.5,-,-,-,1.5,-,-,-,-,-,0.5,-,-,-,23.5,-,8,-,6.63
Denis Odoi,FFC,be,32,D(CLR),178,72,29(2),2594,-,1,4,-,0.3,82.1,1.8,-,1.5,1.3,1.2,0.3,4.6,0.4,0.8,1,0.4,0.5,1,-,0.4,0.6,43,0.1,2.2,-,6.62
Cyrus Christie,FFC,ie,28,"D(R),M(R)",188,78,19(9),1945,-,1,7,-,0.4,76.4,2,-,1.5,1,1,0.2,2.9,0.8,0.4,-,0.6,1,0.5,0.1,1,1,31.6,0.6,0.8,-,6.61
Tom Cairney,FFC,sct,29,M(CR),186,84,24(7),2200,1,1,-,-,0.8,90.2,0.3,-,1.2,0.3,0.3,-,0.4,0.1,0.2,-,1.3,1.4,1.3,-,1.6,1.1,44.3,0.2,1.9,0.1,6.60
André Schürrle,FFC,de,29,"M(CLR),FW",184,73,21(3),1650,6,-,2,-,2.3,77.8,0.6,1,1.3,0.3,0.7,-,0.7,1.3,-,-,0.9,0.8,0.8,0.5,1.4,2.1,21.8,0.4,0.7,-,6.59
Sergio Rico,FFC,es,27,GK,195,90,29,2610,-,-,1,-,-,53.8,0.5,2,-,-,-,-,1.2,-,-,-,0.1,-,0.2,-,-,-,27.4,-,9.2,-,6.57
Jean Michael Seri,FFC,ci,29,M(C),168,69,27(5),2252,1,2,6,-,0.6,87,0.4,-,1.3,1,1,-,0.4,1,0.3,-,1.8,0.5,0.7,-,0.8,1,49.8,1.2,3.1,-,6.55
Luciano Vietto,FFC,ar,26,"AM(CLR),FW",174,69,10(10),987,1,4,1,-,1.2,78.8,0.3,-,0.8,0.3,0.7,-,0.3,0.8,-,-,1.1,0.8,1,-,1.3,1.3,19.3,0.4,0.2,0.1,6.48
Marcus Bettinelli,FFC,eng,28,GK,194,82,7,630,-,-,1,-,-,60.7,0.3,-,-,-,-,-,1.9,-,-,-,-,-,0.1,-,-,0.1,30.1,-,9.4,-,6.45
Alfie Mawson,FFC,eng,26,D(C),189,90,13(2),1132,-,-,2,-,0.1,82.4,2.1,-,0.7,1.3,0.4,0.6,4.3,0.3,1.1,-,0.1,-,0.3,-,-,0.5,31.8,-,3,-,6.43
Ryan Sessegnon,FFC,eng,20,"D(L),M(LR)",178,70,26(9),2298,2,6,-,-,0.8,73.4,0.5,-,0.6,0.5,0.6,0.2,1.1,0.5,0.1,-,0.9,0.9,0.6,0.4,1.5,1.9,19.6,0.4,0.4,0.1,6.42
Aboubakar Kamara,FFC,fr,25,"AM(R),FW",177,81,5(8),690,3,-,2,-,1.6,73.3,0.9,-,0.6,0.1,1.8,-,0.4,0.3,-,-,0.8,0.9,0.3,0.5,1,1.8,17.3,0.1,0.5,-,6.35
Timothy Fosu-Mensah,FFC,nl,22,D(CR),190,78,10(2),795,-,-,3,-,0.3,81.5,0.6,-,1.5,1,0.6,0.2,2.1,0.4,0.4,1,0.5,0.7,0.1,-,0.3,0.4,33.8,0.3,1.6,0.1,6.33
Tim Ream,FFC,us,33,"D(CL),DMC",186,80,25(1),2051,-,-,1,-,-,87.9,1.8,-,0.9,1,0.5,0.6,3,0.5,0.4,-,0.1,0.2,0.3,-,0.2,0.2,40.5,-,1.4,-,6.30
Håvard Nordtveit,FFC,no,30,"D(CR),DMC",188,83,4(1),361,-,1,-,-,-,83.1,0.8,-,1.8,1.6,1,0.4,2.8,0.2,0.6,-,0.6,0.2,0.4,-,-,0.4,45,-,4.2,-,6.29
Floyd Ayité,FFC,tg,31,"M(CLR),FW",175,73,3(13),468,1,-,-,-,0.4,79.2,0.4,-,0.3,0.4,0.4,-,0.2,0.3,0.1,-,0.6,0.6,0.4,0.3,0.8,1.3,12,0.1,0.4,-,6.24
Kevin McDonald,FFC,sct,31,M(C),192,95,10(5),843,-,-,4,1,0.3,85.2,1.3,-,0.9,0.6,0.8,0.1,1.3,0.5,0.1,-,0.3,-,0.4,-,0.3,0.2,38.3,-,2.2,-,6.15
Lazar Markovic,FFC,rs,26,AM(CLR),175,65,0(1),45,-,-,-,-,-,96.6,-,-,-,-,1,-,2,-,-,-,1,1,-,-,2,2,29,-,1,-,6.14
Neeskens Kebano,FFC,cd,28,AM(LR),170,65,0(7),104,-,-,-,-,0.1,82.8,0.6,-,0.4,-,-,-,0.4,-,-,-,-,0.6,0.1,-,0.4,0.9,4.1,0.1,-,-,6.13
Ibrahima Cissé,FFC,gn,26,DMC,180,84,1(2),87,-,-,-,-,-,85.3,0.3,-,-,1,0.3,-,1.3,0.3,-,-,-,0.3,-,-,-,0.3,11.3,-,-,-,6.08
Stefan Johansen,FFC,no,29,M(CR),182,78,4(8),412,-,-,4,-,0.1,79.7,0.3,-,0.9,0.2,0.5,-,0.4,0.3,-,-,0.1,0.2,0.2,-,0.2,0.6,20.9,0.1,1,-,6.03
Harvey Elliott,FFC,eng,17,AM(R),170,0,0(2),18,-,-,-,-,0.5,90.9,-,-,-,-,-,-,-,-,-,-,-,-,-,-,-,1,5.5,-,-,-,6.02
